-- MySQL dump 10.13  Distrib 5.7.26, for Linux (x86_64)
--
-- Host: localhost    Database: tallersoftware
-- ------------------------------------------------------
-- Server version	5.7.26-0ubuntu0.18.04.1

/*!40101 SET @OLD_CHARACTER_SET_CLIENT=@@CHARACTER_SET_CLIENT */;
/*!40101 SET @OLD_CHARACTER_SET_RESULTS=@@CHARACTER_SET_RESULTS */;
/*!40101 SET @OLD_COLLATION_CONNECTION=@@COLLATION_CONNECTION */;
/*!40101 SET NAMES utf8 */;
/*!40103 SET @OLD_TIME_ZONE=@@TIME_ZONE */;
/*!40103 SET TIME_ZONE='+00:00' */;
/*!40014 SET @OLD_UNIQUE_CHECKS=@@UNIQUE_CHECKS, UNIQUE_CHECKS=0 */;
/*!40014 SET @OLD_FOREIGN_KEY_CHECKS=@@FOREIGN_KEY_CHECKS, FOREIGN_KEY_CHECKS=0 */;
/*!40101 SET @OLD_SQL_MODE=@@SQL_MODE, SQL_MODE='NO_AUTO_VALUE_ON_ZERO' */;
/*!40111 SET @OLD_SQL_NOTES=@@SQL_NOTES, SQL_NOTES=0 */;

--
-- Current Database: `tallersoftware`
--

CREATE DATABASE /*!32312 IF NOT EXISTS*/ `tallersoftware` /*!40100 DEFAULT CHARACTER SET latin1 */;

USE `tallersoftware`;

--
-- Table structure for table `auth_group`
--

DROP TABLE IF EXISTS `auth_group`;
/*!40101 SET @saved_cs_client     = @@character_set_client */;
/*!40101 SET character_set_client = utf8 */;
CREATE TABLE `auth_group` (
  `id` int(11) NOT NULL AUTO_INCREMENT,
  `name` varchar(150) NOT NULL,
  PRIMARY KEY (`id`),
  UNIQUE KEY `name` (`name`)
) ENGINE=InnoDB DEFAULT CHARSET=latin1;
/*!40101 SET character_set_client = @saved_cs_client */;

--
-- Dumping data for table `auth_group`
--

LOCK TABLES `auth_group` WRITE;
/*!40000 ALTER TABLE `auth_group` DISABLE KEYS */;
/*!40000 ALTER TABLE `auth_group` ENABLE KEYS */;
UNLOCK TABLES;

--
-- Table structure for table `auth_group_permissions`
--

DROP TABLE IF EXISTS `auth_group_permissions`;
/*!40101 SET @saved_cs_client     = @@character_set_client */;
/*!40101 SET character_set_client = utf8 */;
CREATE TABLE `auth_group_permissions` (
  `id` int(11) NOT NULL AUTO_INCREMENT,
  `group_id` int(11) NOT NULL,
  `permission_id` int(11) NOT NULL,
  PRIMARY KEY (`id`),
  UNIQUE KEY `auth_group_permissions_group_id_permission_id_0cd325b0_uniq` (`group_id`,`permission_id`),
  KEY `auth_group_permissio_permission_id_84c5c92e_fk_auth_perm` (`permission_id`),
  CONSTRAINT `auth_group_permissio_permission_id_84c5c92e_fk_auth_perm` FOREIGN KEY (`permission_id`) REFERENCES `auth_permission` (`id`),
  CONSTRAINT `auth_group_permissions_group_id_b120cbf9_fk_auth_group_id` FOREIGN KEY (`group_id`) REFERENCES `auth_group` (`id`)
) ENGINE=InnoDB DEFAULT CHARSET=latin1;
/*!40101 SET character_set_client = @saved_cs_client */;

--
-- Dumping data for table `auth_group_permissions`
--

LOCK TABLES `auth_group_permissions` WRITE;
/*!40000 ALTER TABLE `auth_group_permissions` DISABLE KEYS */;
/*!40000 ALTER TABLE `auth_group_permissions` ENABLE KEYS */;
UNLOCK TABLES;

--
-- Table structure for table `auth_permission`
--

DROP TABLE IF EXISTS `auth_permission`;
/*!40101 SET @saved_cs_client     = @@character_set_client */;
/*!40101 SET character_set_client = utf8 */;
CREATE TABLE `auth_permission` (
  `id` int(11) NOT NULL AUTO_INCREMENT,
  `name` varchar(255) NOT NULL,
  `content_type_id` int(11) NOT NULL,
  `codename` varchar(100) NOT NULL,
  PRIMARY KEY (`id`),
  UNIQUE KEY `auth_permission_content_type_id_codename_01ab375a_uniq` (`content_type_id`,`codename`),
  CONSTRAINT `auth_permission_content_type_id_2f476e4b_fk_django_co` FOREIGN KEY (`content_type_id`) REFERENCES `django_content_type` (`id`)
) ENGINE=InnoDB AUTO_INCREMENT=49 DEFAULT CHARSET=latin1;
/*!40101 SET character_set_client = @saved_cs_client */;

--
-- Dumping data for table `auth_permission`
--

LOCK TABLES `auth_permission` WRITE;
/*!40000 ALTER TABLE `auth_permission` DISABLE KEYS */;
INSERT INTO `auth_permission` VALUES (1,'Can add user',1,'add_user'),(2,'Can change user',1,'change_user'),(3,'Can delete user',1,'delete_user'),(4,'Can view user',1,'view_user'),(5,'Can add city',2,'add_city'),(6,'Can change city',2,'change_city'),(7,'Can delete city',2,'delete_city'),(8,'Can view city',2,'view_city'),(9,'Can add country',3,'add_country'),(10,'Can change country',3,'change_country'),(11,'Can delete country',3,'delete_country'),(12,'Can view country',3,'view_country'),(13,'Can add person',4,'add_person'),(14,'Can change person',4,'change_person'),(15,'Can delete person',4,'delete_person'),(16,'Can view person',4,'view_person'),(17,'Can add municipality',5,'add_municipality'),(18,'Can change municipality',5,'change_municipality'),(19,'Can delete municipality',5,'delete_municipality'),(20,'Can view municipality',5,'view_municipality'),(21,'Can add log entry',6,'add_logentry'),(22,'Can change log entry',6,'change_logentry'),(23,'Can delete log entry',6,'delete_logentry'),(24,'Can view log entry',6,'view_logentry'),(25,'Can add permission',7,'add_permission'),(26,'Can change permission',7,'change_permission'),(27,'Can delete permission',7,'delete_permission'),(28,'Can view permission',7,'view_permission'),(29,'Can add group',8,'add_group'),(30,'Can change group',8,'change_group'),(31,'Can delete group',8,'delete_group'),(32,'Can view group',8,'view_group'),(33,'Can add content type',9,'add_contenttype'),(34,'Can change content type',9,'change_contenttype'),(35,'Can delete content type',9,'delete_contenttype'),(36,'Can view content type',9,'view_contenttype'),(37,'Can add session',10,'add_session'),(38,'Can change session',10,'change_session'),(39,'Can delete session',10,'delete_session'),(40,'Can view session',10,'view_session'),(41,'Can add Punto de reciclaje',11,'add_recyclingpoint'),(42,'Can change Punto de reciclaje',11,'change_recyclingpoint'),(43,'Can delete Punto de reciclaje',11,'delete_recyclingpoint'),(44,'Can view Punto de reciclaje',11,'view_recyclingpoint'),(45,'Can add recycling point request',12,'add_recyclingpointrequest'),(46,'Can change recycling point request',12,'change_recyclingpointrequest'),(47,'Can delete recycling point request',12,'delete_recyclingpointrequest'),(48,'Can view recycling point request',12,'view_recyclingpointrequest');
/*!40000 ALTER TABLE `auth_permission` ENABLE KEYS */;
UNLOCK TABLES;

--
-- Table structure for table `django_admin_log`
--

DROP TABLE IF EXISTS `django_admin_log`;
/*!40101 SET @saved_cs_client     = @@character_set_client */;
/*!40101 SET character_set_client = utf8 */;
CREATE TABLE `django_admin_log` (
  `id` int(11) NOT NULL AUTO_INCREMENT,
  `action_time` datetime(6) NOT NULL,
  `object_id` longtext,
  `object_repr` varchar(200) NOT NULL,
  `action_flag` smallint(5) unsigned NOT NULL,
  `change_message` longtext NOT NULL,
  `content_type_id` int(11) DEFAULT NULL,
  `user_id` int(11) NOT NULL,
  PRIMARY KEY (`id`),
  KEY `django_admin_log_content_type_id_c4bce8eb_fk_django_co` (`content_type_id`),
  KEY `django_admin_log_user_id_c564eba6_fk_registration_user_id` (`user_id`),
  CONSTRAINT `django_admin_log_content_type_id_c4bce8eb_fk_django_co` FOREIGN KEY (`content_type_id`) REFERENCES `django_content_type` (`id`),
  CONSTRAINT `django_admin_log_user_id_c564eba6_fk_registration_user_id` FOREIGN KEY (`user_id`) REFERENCES `registration_user` (`id`)
) ENGINE=InnoDB DEFAULT CHARSET=latin1;
/*!40101 SET character_set_client = @saved_cs_client */;

--
-- Dumping data for table `django_admin_log`
--

LOCK TABLES `django_admin_log` WRITE;
/*!40000 ALTER TABLE `django_admin_log` DISABLE KEYS */;
/*!40000 ALTER TABLE `django_admin_log` ENABLE KEYS */;
UNLOCK TABLES;

--
-- Table structure for table `django_content_type`
--

DROP TABLE IF EXISTS `django_content_type`;
/*!40101 SET @saved_cs_client     = @@character_set_client */;
/*!40101 SET character_set_client = utf8 */;
CREATE TABLE `django_content_type` (
  `id` int(11) NOT NULL AUTO_INCREMENT,
  `app_label` varchar(100) NOT NULL,
  `model` varchar(100) NOT NULL,
  PRIMARY KEY (`id`),
  UNIQUE KEY `django_content_type_app_label_model_76bd3d3b_uniq` (`app_label`,`model`)
) ENGINE=InnoDB AUTO_INCREMENT=13 DEFAULT CHARSET=latin1;
/*!40101 SET character_set_client = @saved_cs_client */;

--
-- Dumping data for table `django_content_type`
--

LOCK TABLES `django_content_type` WRITE;
/*!40000 ALTER TABLE `django_content_type` DISABLE KEYS */;
INSERT INTO `django_content_type` VALUES (6,'admin','logentry'),(8,'auth','group'),(7,'auth','permission'),(9,'contenttypes','contenttype'),(11,'ecopoints','recyclingpoint'),(12,'ecopoints','recyclingpointrequest'),(2,'registration','city'),(3,'registration','country'),(5,'registration','municipality'),(4,'registration','person'),(1,'registration','user'),(10,'sessions','session');
/*!40000 ALTER TABLE `django_content_type` ENABLE KEYS */;
UNLOCK TABLES;

--
-- Table structure for table `django_migrations`
--

DROP TABLE IF EXISTS `django_migrations`;
/*!40101 SET @saved_cs_client     = @@character_set_client */;
/*!40101 SET character_set_client = utf8 */;
CREATE TABLE `django_migrations` (
  `id` int(11) NOT NULL AUTO_INCREMENT,
  `app` varchar(255) NOT NULL,
  `name` varchar(255) NOT NULL,
  `applied` datetime(6) NOT NULL,
  PRIMARY KEY (`id`)
) ENGINE=InnoDB AUTO_INCREMENT=22 DEFAULT CHARSET=latin1;
/*!40101 SET character_set_client = @saved_cs_client */;

--
-- Dumping data for table `django_migrations`
--

LOCK TABLES `django_migrations` WRITE;
/*!40000 ALTER TABLE `django_migrations` DISABLE KEYS */;
INSERT INTO `django_migrations` VALUES (1,'contenttypes','0001_initial','2019-05-26 20:47:58.582794'),(2,'contenttypes','0002_remove_content_type_name','2019-05-26 20:47:58.607190'),(3,'auth','0001_initial','2019-05-26 20:47:58.653946'),(4,'auth','0002_alter_permission_name_max_length','2019-05-26 20:47:58.699606'),(5,'auth','0003_alter_user_email_max_length','2019-05-26 20:47:58.707061'),(6,'auth','0004_alter_user_username_opts','2019-05-26 20:47:58.713017'),(7,'auth','0005_alter_user_last_login_null','2019-05-26 20:47:58.719219'),(8,'auth','0006_require_contenttypes_0002','2019-05-26 20:47:58.721053'),(9,'auth','0007_alter_validators_add_error_messages','2019-05-26 20:47:58.729077'),(10,'auth','0008_alter_user_username_max_length','2019-05-26 20:47:58.735729'),(11,'auth','0009_alter_user_last_name_max_length','2019-05-26 20:47:58.745505'),(12,'auth','0010_alter_group_name_max_length','2019-05-26 20:47:58.754876'),(13,'auth','0011_update_proxy_permissions','2019-05-26 20:47:58.761448'),(14,'registration','0001_initial','2019-05-26 20:47:58.866052'),(15,'admin','0001_initial','2019-05-26 20:47:59.004508'),(16,'admin','0002_logentry_remove_auto_add','2019-05-26 20:47:59.035951'),(17,'admin','0003_logentry_add_action_flag_choices','2019-05-26 20:47:59.049286'),(18,'ecopoints','0001_initial','2019-05-26 20:47:59.071764'),(19,'ecopoints','0002_auto_20190526_2047','2019-05-26 20:47:59.187292'),(20,'sessions','0001_initial','2019-05-26 20:47:59.242753'),(21,'registration','0002_auto_20190531_2128','2019-05-31 21:28:08.721293');
/*!40000 ALTER TABLE `django_migrations` ENABLE KEYS */;
UNLOCK TABLES;

--
-- Table structure for table `django_session`
--

DROP TABLE IF EXISTS `django_session`;
/*!40101 SET @saved_cs_client     = @@character_set_client */;
/*!40101 SET character_set_client = utf8 */;
CREATE TABLE `django_session` (
  `session_key` varchar(40) NOT NULL,
  `session_data` longtext NOT NULL,
  `expire_date` datetime(6) NOT NULL,
  PRIMARY KEY (`session_key`),
  KEY `django_session_expire_date_a5c62663` (`expire_date`)
) ENGINE=InnoDB DEFAULT CHARSET=latin1;
/*!40101 SET character_set_client = @saved_cs_client */;

--
-- Dumping data for table `django_session`
--

LOCK TABLES `django_session` WRITE;
/*!40000 ALTER TABLE `django_session` DISABLE KEYS */;
INSERT INTO `django_session` VALUES ('gaytq0q3vgkzwwn877xf8grkeonh1dt3','MGY2ZTRhNjU4Njk3ODQ4ZTU0YjE5YzZkOGQzNTA4MDNjZmVlYzViZTp7Il9hdXRoX3VzZXJfaWQiOiIyMDEiLCJfYXV0aF91c2VyX2JhY2tlbmQiOiJkamFuZ28uY29udHJpYi5hdXRoLmJhY2tlbmRzLk1vZGVsQmFja2VuZCIsIl9hdXRoX3VzZXJfaGFzaCI6ImIzZTRiODg3ZmQ2NDBkZmRhY2UzOGY3YTk5MGUwMzY5MzY0M2U5YzcifQ==','2019-06-15 23:34:47.196502');
/*!40000 ALTER TABLE `django_session` ENABLE KEYS */;
UNLOCK TABLES;

--
-- Table structure for table `ecopoints_recyclingpoint`
--

DROP TABLE IF EXISTS `ecopoints_recyclingpoint`;
/*!40101 SET @saved_cs_client     = @@character_set_client */;
/*!40101 SET character_set_client = utf8 */;
CREATE TABLE `ecopoints_recyclingpoint` (
  `id` int(11) NOT NULL AUTO_INCREMENT,
  `real_id_point` varchar(12) NOT NULL,
  `name_point` varchar(50) NOT NULL,
  `address_point` varchar(100) NOT NULL,
  `latitude_point` double NOT NULL,
  `longitude_point` double NOT NULL,
  `is_active` tinyint(1) NOT NULL,
  `city_id` int(11) DEFAULT NULL,
  `country_id` int(11) DEFAULT NULL,
  PRIMARY KEY (`id`),
  UNIQUE KEY `real_id_point` (`real_id_point`),
  KEY `ecopoints_recyclingp_city_id_6d9d6da6_fk_registrat` (`city_id`),
  KEY `ecopoints_recyclingp_country_id_3f8cae29_fk_registrat` (`country_id`),
  CONSTRAINT `ecopoints_recyclingp_city_id_6d9d6da6_fk_registrat` FOREIGN KEY (`city_id`) REFERENCES `registration_city` (`id`),
  CONSTRAINT `ecopoints_recyclingp_country_id_3f8cae29_fk_registrat` FOREIGN KEY (`country_id`) REFERENCES `registration_country` (`id`)
) ENGINE=InnoDB AUTO_INCREMENT=1392 DEFAULT CHARSET=latin1;
/*!40101 SET character_set_client = @saved_cs_client */;

--
-- Dumping data for table `ecopoints_recyclingpoint`
--

LOCK TABLES `ecopoints_recyclingpoint` WRITE;
/*!40000 ALTER TABLE `ecopoints_recyclingpoint` DISABLE KEYS */;
INSERT INTO `ecopoints_recyclingpoint` VALUES (1,'77.789.789-9','Reciclajes San Miguel','Maipú #3394',-36.74789,-73.092653,1,203,9),(700,'71.985.865-5','Punto de prueba 1','Dirección falsa 1',-33.5012957,-70.7466885,1,1,1),(701,'73.546.211-4','Punto de prueba 3','Dirección falsa 3',-33.5036241,-70.7496484,1,1,1),(702,'74.293.849-9','Punto de prueba 4','Dirección falsa 4',-33.4237736,-70.765386,1,2,1),(703,'76.680.880-4','Punto de prueba 6','Dirección falsa 6',-33.4263089,-70.7677134,1,2,1),(704,'74.908.35-3','Punto de prueba 7','Dirección falsa 7',-33.3828504,-70.6942985,1,3,1),(705,'72.894.845-8','Punto de prueba 9','Dirección falsa 9',-33.3860252,-70.6971078,1,3,1),(706,'72.398.101-5','Punto de prueba 10','Dirección falsa 10',-33.5609734,-70.7108613,1,4,1),(707,'76.321.681-0','Punto de prueba 12','Dirección falsa 12',-33.5639118,-70.7129601,1,4,1),(708,'77.894.828-4','Punto de prueba 13','Dirección falsa 13',-33.4614182,-70.7196841,1,5,1),(709,'73.548.976-1','Punto de prueba 15','Dirección falsa 15',-33.4636905,-70.7221659,1,5,1),(710,'77.173.490-4','Punto de prueba 16','Dirección falsa 16',-33.3677997,-70.6808773,1,6,1),(711,'70.504.710-3','Punto de prueba 18','Dirección falsa 18',-33.3705337,-70.6837305,1,6,1),(712,'79.421.69-0','Punto de prueba 19','Dirección falsa 19',-33.4160733,-70.6838329,1,7,1),(713,'76.311.303-4','Punto de prueba 21','Dirección falsa 21',-33.4194984,-70.6866623,1,7,1),(714,'74.72.375-5','Punto de prueba 22','Dirección falsa 22',-33.5285798,-70.6808704,1,8,1),(715,'71.875.943-2','Punto de prueba 24','Dirección falsa 24',-33.5308819,-70.683926,1,8,1),(716,'77.250.167-4','Punto de prueba 25','Dirección falsa 25',-33.5330019,-70.5942139,1,9,1),(717,'72.659.493-6','Punto de prueba 27','Dirección falsa 27',-33.5358122,-70.597289,1,9,1),(718,'77.17.245-0','Punto de prueba 28','Dirección falsa 28',-33.5351674,-70.6566857,1,10,1),(719,'74.198.335-6','Punto de prueba 30','Dirección falsa 30',-33.5380171,-70.6593428,1,10,1),(720,'70.758.812-9','Punto de prueba 31','Dirección falsa 31',-33.589516,-70.6721572,1,11,1),(721,'77.432.274-9','Punto de prueba 33','Dirección falsa 33',-33.592534,-70.6744002,1,11,1),(722,'74.843.982-5','Punto de prueba 34','Dirección falsa 34',-33.4453036,-70.563418,1,12,1),(723,'70.626.608-0','Punto de prueba 36','Dirección falsa 36',-33.4484718,-70.5665042,1,12,1),(724,'77.784.690-0','Punto de prueba 37','Dirección falsa 37',-33.4219706,-70.5878812,1,13,1),(725,'75.684.723-9','Punto de prueba 39','Dirección falsa 39',-33.4249354,-70.5907776,1,13,1),(726,'76.931.115-6','Punto de prueba 40','Dirección falsa 40',-33.3429071,-70.5310059,1,14,1),(727,'72.925.624-2','Punto de prueba 42','Dirección falsa 42',-33.3456639,-70.5334321,1,14,1),(728,'77.545.816-1','Punto de prueba 43','Dirección falsa 43',-33.5186046,-70.7051708,1,15,1),(729,'72.789.533-3','Punto de prueba 45','Dirección falsa 45',-33.5218188,-70.7078557,1,15,1),(730,'70.76.797-1','Punto de prueba 46','Dirección falsa 46',-33.4463144,-70.7393957,1,16,1),(731,'78.581.262-2','Punto de prueba 48','Dirección falsa 48',-33.4486911,-70.742476,1,16,1),(732,'76.217.579-0','Punto de prueba 49','Dirección falsa 49',-33.4887643,-70.6336049,1,17,1),(733,'74.753.514-3','Punto de prueba 51','Dirección falsa 51',-33.491367,-70.6364847,1,17,1),(734,'74.985.979-3','Punto de prueba 52','Dirección falsa 52',-33.5139065,-70.8943486,1,18,1),(735,'72.806.497-8','Punto de prueba 54','Dirección falsa 54',-33.5165051,-70.8974843,1,18,1),(736,'73.478.454-2','Punto de prueba 55','Dirección falsa 55',-33.4523767,-70.6347784,1,19,1),(737,'77.414.618-9','Punto de prueba 57','Dirección falsa 57',-33.4556149,-70.6373769,1,19,1),(738,'78.856.311-8','Punto de prueba 58','Dirección falsa 58',-33.4917903,-70.6909044,1,20,1),(739,'79.919.120-8','Punto de prueba 60','Dirección falsa 60',-33.4947203,-70.6938681,1,20,1),(740,'75.484.484-7','Punto de prueba 61','Dirección falsa 61',-33.484519,-70.582663,1,21,1),(741,'72.848.190-5','Punto de prueba 63','Dirección falsa 63',-33.4871365,-70.5858647,1,21,1),(742,'78.627.832-5','Punto de prueba 64','Dirección falsa 64',-33.4254197,-70.6430931,1,22,1),(743,'79.881.32-2','Punto de prueba 66','Dirección falsa 66',-33.4283517,-70.6460027,1,22,1),(744,'74.980.704-2','Punto de prueba 67','Dirección falsa 67',-33.4176678,-70.9129105,1,23,1),(745,'77.510.380-6','Punto de prueba 69','Dirección falsa 69',-33.4200782,-70.9156985,1,23,1),(746,'76.582.709-5','Punto de prueba 70','Dirección falsa 70',-33.3533775,-70.7744465,1,24,1),(747,'74.32.168-7','Punto de prueba 72','Dirección falsa 72',-33.3565099,-70.7769323,1,24,1),(748,'71.162.554-1','Punto de prueba 73','Dirección falsa 73',-33.4267165,-70.7306616,1,25,1),(749,'78.411.65-0','Punto de prueba 75','Dirección falsa 75',-33.4299159,-70.7334068,1,25,1),(750,'78.229.466-3','Punto de prueba 76','Dirección falsa 76',-33.4050214,-70.6679226,1,26,1),(751,'76.569.93-5','Punto de prueba 78','Dirección falsa 78',-33.4078278,-70.6702774,1,26,1),(752,'74.973.666-2','Punto de prueba 79','Dirección falsa 79',-33.4019899,-70.7606539,1,27,1),(753,'79.271.845-1','Punto de prueba 81','Dirección falsa 81',-33.4045733,-70.7634177,1,27,1),(754,'76.821.255-4','Punto de prueba 82','Dirección falsa 82',-33.4713017,-70.9085357,1,28,1),(755,'74.570.241-0','Punto de prueba 84','Dirección falsa 84',-33.4736368,-70.9115831,1,28,1),(756,'74.362.526-8','Punto de prueba 85','Dirección falsa 85',-33.4928816,-70.6606199,1,29,1),(757,'75.316.173-9','Punto de prueba 87','Dirección falsa 87',-33.4956095,-70.6630014,1,29,1),(758,'79.777.511-5','Punto de prueba 88','Dirección falsa 88',-33.4960152,-70.6873741,1,30,1),(759,'74.738.891-7','Punto de prueba 90','Dirección falsa 90',-33.4987679,-70.690436,1,30,1),(760,'71.707.157-7','Punto de prueba 91','Dirección falsa 91',-33.5360042,-70.676397,1,31,1),(761,'75.668.876-0','Punto de prueba 93','Dirección falsa 93',-33.5397259,-70.679632,1,31,1),(762,'70.362.973-5','Punto de prueba 94','Dirección falsa 94',-33.3824929,-70.597696,1,32,1),(763,'71.369.629-6','Punto de prueba 96','Dirección falsa 96',-33.3850412,-70.6001021,1,32,1),(764,'72.504.81-4','Punto de prueba 97','Dirección falsa 97',-33.594273,-70.6303661,1,33,1),(765,'71.773.136-5','Punto de prueba 99','Dirección falsa 99',-33.5969134,-70.6331725,1,33,1),(766,'76.916.749-5','Punto de prueba 100','Dirección falsa 100',-33.7242476,-70.6637375,1,34,1),(767,'77.484.842-3','Punto de prueba 102','Dirección falsa 102',-33.726454,-70.6663298,1,34,1),(768,'71.641.489-4','Punto de prueba 103','Dirección falsa 103',-33.6414057,-70.3433996,1,35,1),(769,'74.822.803-3','Punto de prueba 105','Dirección falsa 105',-33.6451938,-70.3461046,1,35,1),(770,'78.362.754-0','Punto de prueba 106','Dirección falsa 106',-33.2024504,-70.702024,1,36,1),(771,'71.427.187-0','Punto de prueba 108','Dirección falsa 108',-33.2053809,-70.7042913,1,36,1),(772,'74.779.227-1','Punto de prueba 109','Dirección falsa 109',-33.28492,-70.8932484,1,37,1),(773,'70.927.836-8','Punto de prueba 111','Dirección falsa 111',-33.2875517,-70.8963416,1,37,1),(774,'71.254.315-9','Punto de prueba 112','Dirección falsa 112',-33.0892445,-70.9563577,1,38,1),(775,'72.393.893-5','Punto de prueba 114','Dirección falsa 114',-33.0916064,-70.9593521,1,38,1),(776,'76.220.132-5','Punto de prueba 115','Dirección falsa 115',-33.6386893,-70.8672316,1,39,1),(777,'74.217.879-0','Punto de prueba 117','Dirección falsa 117',-33.6415897,-70.8698639,1,39,1),(778,'75.139.610-7','Punto de prueba 118','Dirección falsa 118',-33.7283499,-70.7799293,1,40,1),(779,'72.780.538-4','Punto de prueba 120','Dirección falsa 120',-33.7307543,-70.7824858,1,40,1),(780,'75.740.749-8','Punto de prueba 121','Dirección falsa 121',-32.7853075,-71.2044593,1,41,1),(781,'75.747.301-9','Punto de prueba 123','Dirección falsa 123',-32.787989,-71.2073318,1,41,1),(782,'75.975.155-1','Punto de prueba 124','Dirección falsa 124',-33.8095159,-70.739327,1,42,1),(783,'71.551.584-1','Punto de prueba 126','Dirección falsa 126',-33.8122903,-70.741803,1,42,1),(784,'77.320.851-9','Punto de prueba 127','Dirección falsa 127',-33.6880637,-71.2376291,1,43,1),(785,'70.929.48-4','Punto de prueba 129','Dirección falsa 129',-33.6901884,-71.239917,1,43,1),(786,'79.72.454-5','Punto de prueba 130','Dirección falsa 130',-34.0251785,-71.1186746,1,44,1),(787,'73.716.617-4','Punto de prueba 132','Dirección falsa 132',-34.0273045,-71.1210545,1,44,1),(788,'79.709.354-9','Punto de prueba 133','Dirección falsa 133',-33.3946698,-71.1667766,1,45,1),(789,'76.791.456-1','Punto de prueba 135','Dirección falsa 135',-33.398065,-71.1702025,1,45,1),(790,'75.952.796-3','Punto de prueba 136','Dirección falsa 136',-33.5165573,-71.1314662,1,46,1),(791,'75.660.363-9','Punto de prueba 138','Dirección falsa 138',-33.5191499,-71.1343747,1,46,1),(792,'76.293.635-0','Punto de prueba 139','Dirección falsa 139',-33.8913925,-71.4656488,1,47,1),(793,'77.307.134-5','Punto de prueba 141','Dirección falsa 141',-33.8948046,-71.4683891,1,47,1),(794,'70.823.803-0','Punto de prueba 142','Dirección falsa 142',-33.6613086,-70.9593376,1,48,1),(795,'75.204.128-6','Punto de prueba 144','Dirección falsa 144',-33.663791,-70.9624089,1,48,1),(796,'76.810.160-9','Punto de prueba 145','Dirección falsa 145',-33.6763979,-70.9947629,1,49,1),(797,'79.751.842-0','Punto de prueba 147','Dirección falsa 147',-33.6798786,-70.997717,1,49,1),(798,'70.291.856-1','Punto de prueba 148','Dirección falsa 148',-33.7409275,-70.9257618,1,50,1),(799,'77.540.876-5','Punto de prueba 150','Dirección falsa 150',-33.7442429,-70.9282069,1,50,1),(800,'77.530.159-7','Punto de prueba 151','Dirección falsa 151',-33.5722824,-70.8527184,1,51,1),(801,'74.229.712-6','Punto de prueba 153','Dirección falsa 153',-33.5748956,-70.8554863,1,51,1),(802,'73.524.521-1','Punto de prueba 154','Dirección falsa 154',-33.6057304,-70.8921376,1,52,1),(803,'74.148.933-5','Punto de prueba 156','Dirección falsa 156',-33.608722,-70.8956497,1,52,1),(804,'70.829.724-5','Punto de prueba 157','Dirección falsa 157',-20.2431216,-70.2075208,1,53,2),(805,'76.448.275-2','Punto de prueba 159','Dirección falsa 159',-20.2461198,-70.2101894,1,53,2),(806,'79.878.69-8','Punto de prueba 160','Dirección falsa 160',-20.2701548,-70.1252358,1,54,2),(807,'72.859.720-8','Punto de prueba 162','Dirección falsa 162',-20.2728512,-70.1273796,1,54,2),(808,'78.807.544-4','Punto de prueba 163','Dirección falsa 163',-20.256027,-69.7896241,1,55,2),(809,'75.137.293-7','Punto de prueba 165','Dirección falsa 165',-20.258912,-69.7929967,1,55,2),(810,'70.126.599-2','Punto de prueba 166','Dirección falsa 166',-19.3100984,-69.4373464,1,56,2),(811,'77.388.362-0','Punto de prueba 168','Dirección falsa 168',-19.3126325,-69.4399056,1,56,2),(812,'71.937.695-0','Punto de prueba 169','Dirección falsa 169',-19.2750272,-68.6389424,1,57,2),(813,'78.590.683-6','Punto de prueba 171','Dirección falsa 171',-19.277132,-68.6418176,1,57,2),(814,'70.991.359-2','Punto de prueba 172','Dirección falsa 172',-19.9955967,-69.7795425,1,58,2),(815,'75.986.335-4','Punto de prueba 174','Dirección falsa 174',-19.9984331,-69.7818318,1,58,2),(816,'79.660.607-6','Punto de prueba 175','Dirección falsa 175',-20.4883437,-69.3379535,1,59,2),(817,'72.840.541-9','Punto de prueba 177','Dirección falsa 177',-20.4906078,-69.3406375,1,59,2),(818,'79.734.334-4','Punto de prueba 178','Dirección falsa 178',-23.6267593,-70.5431444,1,60,3),(819,'70.91.440-1','Punto de prueba 180','Dirección falsa 180',-23.629778,-70.545837,1,60,3),(820,'72.459.418-2','Punto de prueba 181','Dirección falsa 181',-23.1017024,-70.454961,1,61,3),(821,'78.87.724-7','Punto de prueba 183','Dirección falsa 183',-23.1047712,-70.4571938,1,61,3),(822,'72.754.191-3','Punto de prueba 184','Dirección falsa 184',-22.8847071,-69.3247436,1,62,3),(823,'77.989.629-3','Punto de prueba 186','Dirección falsa 186',-22.8873949,-69.3278518,1,62,3),(824,'71.927.611-8','Punto de prueba 187','Dirección falsa 187',-25.2822614,-69.7743812,1,63,3),(825,'71.931.372-3','Punto de prueba 189','Dirección falsa 189',-25.2846534,-69.7769233,1,63,3),(826,'76.881.364-8','Punto de prueba 190','Dirección falsa 190',-22.4601323,-68.9565836,1,64,3),(827,'72.467.969-3','Punto de prueba 192','Dirección falsa 192',-22.4622311,-68.9596489,1,64,3),(828,'73.453.570-7','Punto de prueba 193','Dirección falsa 193',-21.2244546,-68.2624757,1,65,3),(829,'79.163.507-4','Punto de prueba 195','Dirección falsa 195',-21.2267616,-68.2652213,1,65,3),(830,'76.413.659-8','Punto de prueba 196','Dirección falsa 196',-22.9128564,-68.2143627,1,66,3),(831,'70.399.4-6','Punto de prueba 198','Dirección falsa 198',-22.9153035,-68.217245,1,66,3),(832,'77.0.360-3','Punto de prueba 199','Dirección falsa 199',-22.0846585,-70.2007008,1,67,3),(833,'75.645.797-4','Punto de prueba 201','Dirección falsa 201',-22.087441,-70.2034334,1,67,3),(834,'77.752.961-0','Punto de prueba 202','Dirección falsa 202',-22.16555,-69.424099,1,68,3),(835,'75.37.246-7','Punto de prueba 204','Dirección falsa 204',-22.1679979,-69.4267428,1,68,3),(836,'70.838.701-6','Punto de prueba 205','Dirección falsa 205',-27.3760275,-70.3541767,1,69,4),(837,'73.914.568-0','Punto de prueba 207','Dirección falsa 207',-27.3782685,-70.3579118,1,69,4),(838,'76.105.651-3','Punto de prueba 208','Dirección falsa 208',-27.068138,-70.8384526,1,70,4),(839,'70.634.225-4','Punto de prueba 210','Dirección falsa 210',-27.0707175,-70.8409267,1,70,4),(840,'70.974.504-8','Punto de prueba 211','Dirección falsa 211',-27.4686215,-70.295476,1,71,4),(841,'70.929.330-0','Punto de prueba 213','Dirección falsa 213',-27.4714549,-70.2981422,1,71,4),(842,'72.812.575-9','Punto de prueba 214','Dirección falsa 214',-26.3395932,-70.625159,1,72,4),(843,'71.305.205-3','Punto de prueba 216','Dirección falsa 216',-26.3419579,-70.6278347,1,72,4),(844,'78.547.139-1','Punto de prueba 217','Dirección falsa 217',-26.3891276,-70.0543165,1,73,4),(845,'72.51.136-1','Punto de prueba 219','Dirección falsa 219',-26.3918763,-70.0581934,1,73,4),(846,'72.496.366-8','Punto de prueba 220','Dirección falsa 220',-28.5764366,-70.780723,1,74,4),(847,'72.908.562-6','Punto de prueba 222','Dirección falsa 222',-28.5795353,-70.7837756,1,74,4),(848,'70.416.908-4','Punto de prueba 223','Dirección falsa 223',-28.7582816,-70.4938927,1,75,4),(849,'72.835.503-4','Punto de prueba 225','Dirección falsa 225',-28.7608153,-70.4969233,1,75,4),(850,'78.434.747-3','Punto de prueba 226','Dirección falsa 226',-28.5082848,-71.0845105,1,76,4),(851,'76.38.519-9','Punto de prueba 228','Dirección falsa 228',-28.5112026,-71.0866443,1,76,4),(852,'79.600.298-8','Punto de prueba 229','Dirección falsa 229',-28.4657544,-71.2277201,1,77,4),(853,'76.991.793-3','Punto de prueba 231','Dirección falsa 231',-28.4688729,-71.2310083,1,77,4),(854,'74.245.87-6','Punto de prueba 232','Dirección falsa 232',-29.9065822,-71.313074,1,78,5),(855,'75.133.212-2','Punto de prueba 234','Dirección falsa 234',-29.9087123,-71.3158564,1,78,5),(856,'73.227.429-1','Punto de prueba 235','Dirección falsa 235',-29.9685889,-71.3671156,1,79,5),(857,'73.722.295-9','Punto de prueba 237','Dirección falsa 237',-29.9713082,-71.3706108,1,79,5),(858,'72.30.327-3','Punto de prueba 238','Dirección falsa 238',-30.2371491,-71.0971912,1,80,5),(859,'77.989.188-9','Punto de prueba 240','Dirección falsa 240',-30.2406983,-71.1000528,1,80,5),(860,'74.346.586-0','Punto de prueba 241','Dirección falsa 241',-29.510606,-71.2074675,1,81,5),(861,'78.466.672-3','Punto de prueba 243','Dirección falsa 243',-29.5130901,-71.2098524,1,81,5),(862,'74.527.664-6','Punto de prueba 244','Dirección falsa 244',-30.2280606,-70.6247242,1,82,5),(863,'72.841.628-5','Punto de prueba 246','Dirección falsa 246',-30.2314845,-70.6272358,1,82,5),(864,'78.760.100-5','Punto de prueba 247','Dirección falsa 247',-30.0307299,-70.7158175,1,83,5),(865,'73.779.886-4','Punto de prueba 249','Dirección falsa 249',-30.0334832,-70.7178731,1,83,5),(866,'73.691.736-3','Punto de prueba 250','Dirección falsa 250',-31.6329025,-71.1874574,1,84,5),(867,'70.177.459-1','Punto de prueba 252','Dirección falsa 252',-31.6355722,-71.1901894,1,84,5),(868,'74.978.482-7','Punto de prueba 253','Dirección falsa 253',-31.3976534,-71.4633414,1,85,5),(869,'73.667.268-0','Punto de prueba 255','Dirección falsa 255',-31.3998976,-71.465997,1,85,5),(870,'77.693.476-2','Punto de prueba 256','Dirección falsa 256',-31.9086536,-71.5212303,1,86,5),(871,'79.242.366-8','Punto de prueba 258','Dirección falsa 258',-31.9108512,-71.52389,1,86,5),(872,'70.472.295-4','Punto de prueba 259','Dirección falsa 259',-31.7780207,-70.98232,1,87,5),(873,'73.355.469-3','Punto de prueba 261','Dirección falsa 261',-31.7804739,-70.984716,1,87,5),(874,'78.817.928-2','Punto de prueba 262','Dirección falsa 262',-30.5902553,-71.2387018,1,88,5),(875,'76.149.422-9','Punto de prueba 264','Dirección falsa 264',-30.5935794,-71.2419099,1,88,5),(876,'79.99.786-1','Punto de prueba 265','Dirección falsa 265',-31.1784384,-71.0105136,1,89,5),(877,'79.850.42-7','Punto de prueba 267','Dirección falsa 267',-31.1812332,-71.0137923,1,89,5),(878,'79.261.585-9','Punto de prueba 268','Dirección falsa 268',-30.6965016,-70.9662876,1,90,5),(879,'78.575.574-8','Punto de prueba 270','Dirección falsa 270',-30.6992395,-70.9689385,1,90,5),(880,'75.474.144-8','Punto de prueba 271','Dirección falsa 271',-30.9431903,-71.571454,1,91,5),(881,'71.599.570-1','Punto de prueba 273','Dirección falsa 273',-30.9459336,-71.573787,1,91,5),(882,'72.131.516-4','Punto de prueba 274','Dirección falsa 274',-30.2653336,-70.673837,1,92,5),(883,'75.754.48-9','Punto de prueba 276','Dirección falsa 276',-30.2677138,-70.6765914,1,92,5),(884,'75.67.119-4','Punto de prueba 277','Dirección falsa 277',-33.0493047,-71.6445461,1,93,6),(885,'70.914.15-8','Punto de prueba 279','Dirección falsa 279',-33.0522812,-71.647312,1,93,6),(886,'72.594.749-0','Punto de prueba 280','Dirección falsa 280',-33.317405,-71.4226899,1,94,6),(887,'79.880.571-4','Punto de prueba 282','Dirección falsa 282',-33.3199876,-71.4253705,1,94,6),(888,'79.779.558-7','Punto de prueba 283','Dirección falsa 283',-32.9320796,-71.5469504,1,95,6),(889,'71.845.996-1','Punto de prueba 285','Dirección falsa 285',-32.9348466,-71.5494376,1,95,6),(890,'76.455.543-2','Punto de prueba 286','Dirección falsa 286',-33.7074241,-80.3630412,1,96,6),(891,'77.968.208-4','Punto de prueba 288','Dirección falsa 288',-33.7097354,-80.3655864,1,96,6),(892,'73.992.113-3','Punto de prueba 289','Dirección falsa 289',-32.7205817,-71.4191649,1,97,6),(893,'76.135.852-2','Punto de prueba 291','Dirección falsa 291',-32.7230806,-71.4215282,1,97,6),(894,'73.178.672-5','Punto de prueba 292','Dirección falsa 292',-32.7850276,-71.5674277,1,98,6),(895,'76.606.154-9','Punto de prueba 294','Dirección falsa 294',-32.7877822,-71.5704815,1,98,6),(896,'72.315.6-5','Punto de prueba 295','Dirección falsa 295',-33.0043001,-71.599106,1,99,6),(897,'71.37.636-0','Punto de prueba 297','Dirección falsa 297',-33.0065445,-71.6022159,1,99,6),(898,'78.704.116-7','Punto de prueba 298','Dirección falsa 298',-27.1241705,-109.4073499,1,100,6),(899,'71.994.688-7','Punto de prueba 300','Dirección falsa 300',-27.1271866,-109.4108167,1,100,6),(900,'74.235.877-8','Punto de prueba 301','Dirección falsa 301',-32.8303471,-70.6309084,1,101,6),(901,'79.187.455-4','Punto de prueba 303','Dirección falsa 303',-32.8339267,-70.6330466,1,101,6),(902,'75.559.624-6','Punto de prueba 304','Dirección falsa 304',-32.8560293,-70.6325579,1,102,6),(903,'76.98.395-7','Punto de prueba 306','Dirección falsa 306',-32.8582985,-70.6357859,1,102,6),(904,'75.751.652-8','Punto de prueba 307','Dirección falsa 307',-32.8332408,-70.708009,1,103,6),(905,'70.151.934-1','Punto de prueba 309','Dirección falsa 309',-32.8363301,-70.711023,1,103,6),(906,'74.7.978-6','Punto de prueba 310','Dirección falsa 310',-32.8014846,-70.5866677,1,104,6),(907,'79.613.683-4','Punto de prueba 312','Dirección falsa 312',-32.8036862,-70.5901073,1,104,6),(908,'74.599.535-0','Punto de prueba 313','Dirección falsa 313',-32.4491227,-71.2493757,1,105,6),(909,'75.411.297-2','Punto de prueba 315','Dirección falsa 315',-32.451511,-71.2516652,1,105,6),(910,'76.183.58-6','Punto de prueba 316','Dirección falsa 316',-32.4282649,-71.0863935,1,106,6),(911,'74.747.13-0','Punto de prueba 318','Dirección falsa 318',-32.4314103,-71.0892934,1,106,6),(912,'76.685.29-2','Punto de prueba 319','Dirección falsa 319',-32.5052839,-71.4573805,1,107,6),(913,'71.528.567-4','Punto de prueba 321','Dirección falsa 321',-32.5076725,-71.4606681,1,107,6),(914,'74.20.719-4','Punto de prueba 322','Dirección falsa 322',-32.2488718,-70.940732,1,108,6),(915,'71.244.368-8','Punto de prueba 324','Dirección falsa 324',-32.2519485,-70.943122,1,108,6),(916,'73.817.917-0','Punto de prueba 325','Dirección falsa 325',-32.5528056,-71.4654495,1,109,6),(917,'75.830.923-3','Punto de prueba 327','Dirección falsa 327',-32.5555084,-71.4684767,1,109,6),(918,'75.244.230-8','Punto de prueba 328','Dirección falsa 328',-32.8698388,-71.2822231,1,110,6),(919,'73.183.970-4','Punto de prueba 330','Dirección falsa 330',-32.8724062,-71.2843977,1,110,6),(920,'73.451.376-3','Punto de prueba 331','Dirección falsa 331',-32.779516,-71.2186478,1,111,6),(921,'79.880.737-0','Punto de prueba 333','Dirección falsa 333',-32.7832292,-71.221152,1,111,6),(922,'71.235.72-4','Punto de prueba 334','Dirección falsa 334',-32.8167984,-71.1562943,1,112,6),(923,'79.474.493-3','Punto de prueba 336','Dirección falsa 336',-32.8199083,-71.1585001,1,112,6),(924,'74.703.864-2','Punto de prueba 337','Dirección falsa 337',-32.8243816,-71.235044,1,113,6),(925,'79.276.412-4','Punto de prueba 339','Dirección falsa 339',-32.8269271,-71.2374569,1,113,6),(926,'71.410.156-3','Punto de prueba 340','Dirección falsa 340',-32.7349165,-71.2241575,1,114,6),(927,'70.106.651-7','Punto de prueba 342','Dirección falsa 342',-32.7369972,-71.2269289,1,114,6),(928,'74.630.879-4','Punto de prueba 343','Dirección falsa 343',-33.5918734,-71.6445674,1,115,6),(929,'79.923.386-4','Punto de prueba 345','Dirección falsa 345',-33.5944263,-71.64766,1,115,6),(930,'73.364.553-9','Punto de prueba 346','Dirección falsa 346',-33.3666752,-71.6850443,1,116,6),(931,'72.960.322-1','Punto de prueba 348','Dirección falsa 348',-33.3695192,-71.687178,1,116,6),(932,'70.40.599-1','Punto de prueba 349','Dirección falsa 349',-33.5369269,-71.6321736,1,117,6),(933,'78.539.698-0','Punto de prueba 351','Dirección falsa 351',-33.5403396,-71.634688,1,117,6),(934,'73.170.420-4','Punto de prueba 352','Dirección falsa 352',-33.3930814,-71.7198085,1,118,6),(935,'75.766.983-9','Punto de prueba 354','Dirección falsa 354',-33.3957649,-71.7227408,1,118,6),(936,'72.479.25-5','Punto de prueba 355','Dirección falsa 355',-33.4560026,-71.6641838,1,119,6),(937,'71.70.860-1','Punto de prueba 357','Dirección falsa 357',-33.4585589,-71.6669678,1,119,6),(938,'78.128.662-1','Punto de prueba 358','Dirección falsa 358',-33.6347661,-71.6354372,1,120,6),(939,'73.712.568-9','Punto de prueba 360','Dirección falsa 360',-33.6368614,-71.6383469,1,120,6),(940,'78.693.170-5','Punto de prueba 361','Dirección falsa 361',-32.7487833,-70.735929,1,121,6),(941,'79.147.383-5','Punto de prueba 363','Dirección falsa 363',-32.7511334,-70.7390186,1,121,6),(942,'77.326.203-1','Punto de prueba 364','Dirección falsa 364',-32.876634,-70.6560117,1,122,6),(943,'76.6.798-9','Punto de prueba 366','Dirección falsa 366',-32.8791131,-70.658829,1,122,6),(944,'76.245.647-2','Punto de prueba 367','Dirección falsa 367',-32.8376825,-70.9719971,1,123,6),(945,'79.565.45-1','Punto de prueba 369','Dirección falsa 369',-32.8405838,-70.9743627,1,123,6),(946,'74.887.507-5','Punto de prueba 370','Dirección falsa 370',-32.765603,-70.840951,1,124,6),(947,'76.504.152-0','Punto de prueba 372','Dirección falsa 372',-32.7683739,-70.8433828,1,124,6),(948,'70.316.421-6','Punto de prueba 373','Dirección falsa 373',-32.6247407,-70.7232096,1,125,6),(949,'74.542.723-1','Punto de prueba 375','Dirección falsa 375',-32.6275154,-70.7256021,1,125,6),(950,'70.138.128-7','Punto de prueba 376','Dirección falsa 376',-32.7488589,-70.6642469,1,126,6),(951,'72.935.570-6','Punto de prueba 378','Dirección falsa 378',-32.751576,-70.6674526,1,126,6),(952,'75.340.360-7','Punto de prueba 379','Dirección falsa 379',-33.050395,-71.4770191,1,127,6),(953,'72.823.770-1','Punto de prueba 381','Dirección falsa 381',-33.0527286,-71.4795307,1,127,6),(954,'71.517.735-8','Punto de prueba 382','Dirección falsa 382',-33.0380549,-71.4360674,1,128,6),(955,'72.486.380-3','Punto de prueba 384','Dirección falsa 384',-33.0415153,-71.4389803,1,128,6),(956,'77.849.501-1','Punto de prueba 385','Dirección falsa 385',-32.9964239,-71.2068976,1,129,6),(957,'78.317.955-7','Punto de prueba 387','Dirección falsa 387',-32.9993118,-71.2092848,1,129,6),(958,'73.145.695-5','Punto de prueba 388','Dirección falsa 388',-33.0665279,-71.4002038,1,130,6),(959,'78.66.330-4','Punto de prueba 390','Dirección falsa 390',-33.0694681,-71.4023632,1,130,6),(960,'72.156.667-0','Punto de prueba 391','Dirección falsa 391',-34.1583322,-70.7722036,1,131,7),(961,'77.519.508-2','Punto de prueba 393','Dirección falsa 393',-34.1604542,-70.7748925,1,131,7),(962,'70.223.946-2','Punto de prueba 394','Dirección falsa 394',-34.0354285,-70.6803185,1,132,7),(963,'71.673.11-1','Punto de prueba 396','Dirección falsa 396',-34.0382775,-70.6828094,1,132,7),(964,'79.781.561-6','Punto de prueba 397','Dirección falsa 397',-34.2650653,-70.9666597,1,133,7),(965,'72.677.363-0','Punto de prueba 399','Dirección falsa 399',-34.2672745,-70.9696517,1,133,7),(966,'76.333.695-4','Punto de prueba 400','Dirección falsa 400',-34.2867278,-71.0932444,1,134,7),(967,'76.702.210-6','Punto de prueba 402','Dirección falsa 402',-34.2892991,-71.0954567,1,134,7),(968,'74.307.633-3','Punto de prueba 403','Dirección falsa 403',-34.2273901,-70.9653832,1,135,7),(969,'72.88.515-6','Punto de prueba 405','Dirección falsa 405',-34.2302445,-70.9679151,1,135,7),(970,'71.179.880-6','Punto de prueba 406','Dirección falsa 406',-34.0653467,-70.7402853,1,136,7),(971,'72.468.306-9','Punto de prueba 408','Dirección falsa 408',-34.0681974,-70.7426492,1,136,7),(972,'74.288.498-4','Punto de prueba 409','Dirección falsa 409',-34.2920425,-71.3195321,1,137,7),(973,'76.178.405-8','Punto de prueba 411','Dirección falsa 411',-34.2944194,-71.3231231,1,137,7),(974,'76.185.157-4','Punto de prueba 412','Dirección falsa 412',-34.1763808,-70.6837567,1,138,7),(975,'76.653.821-9','Punto de prueba 414','Dirección falsa 414',-34.1790224,-70.686255,1,138,7),(976,'75.646.197-4','Punto de prueba 415','Dirección falsa 415',-34.4409311,-70.9539135,1,139,7),(977,'77.859.457-3','Punto de prueba 417','Dirección falsa 417',-34.4434918,-70.9569617,1,139,7),(978,'71.216.272-9','Punto de prueba 418','Dirección falsa 418',-33.9780445,-70.7195449,1,140,7),(979,'78.945.812-5','Punto de prueba 420','Dirección falsa 420',-33.980789,-70.721852,1,140,7),(980,'76.552.702-0','Punto de prueba 421','Dirección falsa 421',-34.2316691,-70.8905353,1,141,7),(981,'73.964.520-3','Punto de prueba 423','Dirección falsa 423',-34.2342314,-70.8928525,1,141,7),(982,'76.229.701-3','Punto de prueba 424','Dirección falsa 424',-34.3945091,-71.1771674,1,142,7),(983,'72.448.291-8','Punto de prueba 426','Dirección falsa 426',-34.3973237,-71.180404,1,142,7),(984,'72.164.75-1','Punto de prueba 427','Dirección falsa 427',-34.3558741,-71.2944041,1,143,7),(985,'78.750.44-1','Punto de prueba 429','Dirección falsa 429',-34.3591749,-71.2975388,1,143,7),(986,'70.854.352-9','Punto de prueba 430','Dirección falsa 430',-34.3540194,-70.9775507,1,144,7),(987,'72.730.811-0','Punto de prueba 432','Dirección falsa 432',-34.3571707,-70.9809928,1,144,7),(988,'76.820.130-1','Punto de prueba 433','Dirección falsa 433',-34.3962842,-70.8711758,1,145,7),(989,'79.958.99-7','Punto de prueba 435','Dirección falsa 435',-34.3990094,-70.8740392,1,145,7),(990,'74.20.256-3','Punto de prueba 436','Dirección falsa 436',-34.287173,-70.8230611,1,146,7),(991,'73.915.223-8','Punto de prueba 438','Dirección falsa 438',-34.2894954,-70.8257268,1,146,7),(992,'76.868.765-8','Punto de prueba 439','Dirección falsa 439',-34.4348196,-71.0980994,1,147,7),(993,'76.914.96-9','Punto de prueba 441','Dirección falsa 441',-34.4385282,-71.1005111,1,147,7),(994,'79.97.879-2','Punto de prueba 442','Dirección falsa 442',-34.3739402,-72.1790074,1,148,7),(995,'77.479.489-3','Punto de prueba 444','Dirección falsa 444',-34.3760509,-72.1818608,1,148,7),(996,'75.942.317-5','Punto de prueba 445','Dirección falsa 445',-34.2040555,-71.6706388,1,149,7),(997,'78.416.966-1','Punto de prueba 447','Dirección falsa 447',-34.2072693,-71.6732179,1,149,7),(998,'72.175.21-6','Punto de prueba 448','Dirección falsa 448',-34.114968,-71.7383284,1,150,7),(999,'74.232.83-4','Punto de prueba 450','Dirección falsa 450',-34.118117,-71.7412444,1,150,7),(1000,'72.775.103-4','Punto de prueba 451','Dirección falsa 451',-34.3974222,-71.6288707,1,151,7),(1001,'74.348.538-3','Punto de prueba 453','Dirección falsa 453',-34.4001494,-71.6314744,1,151,7),(1002,'71.729.704-3','Punto de prueba 454','Dirección falsa 454',-34.0040811,-71.9575563,1,152,7),(1003,'77.903.787-5','Punto de prueba 456','Dirección falsa 456',-34.0065212,-71.9601606,1,152,7),(1004,'78.276.850-5','Punto de prueba 457','Dirección falsa 457',-34.6462945,-71.9098091,1,153,7),(1005,'70.643.361-1','Punto de prueba 459','Dirección falsa 459',-34.6487875,-71.9122716,1,153,7),(1006,'77.129.552-7','Punto de prueba 460','Dirección falsa 460',-34.5845161,-71.0203313,1,154,7),(1007,'78.49.714-3','Punto de prueba 462','Dirección falsa 462',-34.5878565,-71.0234102,1,154,7),(1008,'77.174.840-2','Punto de prueba 463','Dirección falsa 463',-34.7242282,-71.2800669,1,155,7),(1009,'75.624.484-9','Punto de prueba 465','Dirección falsa 465',-34.7267008,-71.282542,1,155,7),(1010,'76.817.330-8','Punto de prueba 466','Dirección falsa 466',-34.7037945,-71.0565431,1,156,7),(1011,'76.934.884-2','Punto de prueba 468','Dirección falsa 468',-34.7070806,-71.0598792,1,156,7),(1012,'70.857.271-9','Punto de prueba 469','Dirección falsa 469',-34.7265429,-71.6534778,1,157,7),(1013,'73.782.308-9','Punto de prueba 471','Dirección falsa 471',-34.7297105,-71.656473,1,157,7),(1014,'76.830.321-0','Punto de prueba 472','Dirección falsa 472',-34.6501458,-71.2082704,1,158,7),(1015,'74.917.783-4','Punto de prueba 474','Dirección falsa 474',-34.6527029,-71.2113148,1,158,7),(1016,'79.543.17-2','Punto de prueba 475','Dirección falsa 475',-34.576289,-71.3876175,1,159,7),(1017,'70.980.128-9','Punto de prueba 477','Dirección falsa 477',-34.5784676,-71.3903913,1,159,7),(1018,'78.328.390-8','Punto de prueba 478','Dirección falsa 478',-34.4753521,-71.4945933,1,160,7),(1019,'75.853.938-6','Punto de prueba 480','Dirección falsa 480',-34.4783249,-71.4972043,1,160,7),(1020,'78.914.292-4','Punto de prueba 481','Dirección falsa 481',-34.6354319,-71.1248711,1,161,7),(1021,'71.194.218-3','Punto de prueba 483','Dirección falsa 483',-34.6382129,-71.1278473,1,161,7),(1022,'78.538.607-6','Punto de prueba 484','Dirección falsa 484',-34.6015831,-71.6629516,1,162,7),(1023,'75.451.234-7','Punto de prueba 486','Dirección falsa 486',-34.6044142,-71.6652042,1,162,7),(1024,'78.516.894-5','Punto de prueba 487','Dirección falsa 487',-34.6330846,-71.3791181,1,163,7),(1025,'70.145.597-0','Punto de prueba 489','Dirección falsa 489',-34.6364293,-71.3825283,1,163,7),(1026,'73.731.921-0','Punto de prueba 490','Dirección falsa 490',-35.4248367,-71.6870855,1,164,8),(1027,'76.210.24-0','Punto de prueba 492','Dirección falsa 492',-35.42743,-71.6900431,1,164,8),(1028,'79.848.396-2','Punto de prueba 493','Dirección falsa 493',-35.3310042,-72.4310113,1,165,8),(1029,'79.663.696-0','Punto de prueba 495','Dirección falsa 495',-35.3331864,-72.4335998,1,165,8),(1030,'79.452.362-1','Punto de prueba 496','Dirección falsa 496',-35.0929825,-72.0297945,1,166,8),(1031,'72.141.655-1','Punto de prueba 498','Dirección falsa 498',-35.0959656,-72.0324944,1,166,8),(1032,'79.954.652-1','Punto de prueba 499','Dirección falsa 499',-35.58853,-72.2838966,1,167,8),(1033,'79.646.690-2','Punto de prueba 501','Dirección falsa 501',-35.5910689,-72.2864962,1,167,8),(1034,'71.378.310-0','Punto de prueba 502','Dirección falsa 502',-35.6202376,-72.6759663,1,168,8),(1035,'77.746.306-6','Punto de prueba 504','Dirección falsa 504',-35.623273,-72.6788788,1,168,8),(1036,'71.91.864-8','Punto de prueba 505','Dirección falsa 505',-35.3822537,-71.4547907,1,169,8),(1037,'78.250.633-7','Punto de prueba 507','Dirección falsa 507',-35.384867,-71.4577683,1,169,8),(1038,'70.848.83-3','Punto de prueba 508','Dirección falsa 508',-35.3947811,-71.805051,1,170,8),(1039,'75.586.575-9','Punto de prueba 510','Dirección falsa 510',-35.3972056,-71.8078667,1,170,8),(1040,'71.257.899-6','Punto de prueba 511','Dirección falsa 511',-35.2831763,-71.2688467,1,171,8),(1041,'79.487.314-1','Punto de prueba 513','Dirección falsa 513',-35.2856253,-71.2718143,1,171,8),(1042,'72.916.795-2','Punto de prueba 514','Dirección falsa 514',-35.5346507,-71.4969205,1,172,8),(1043,'76.382.617-8','Punto de prueba 516','Dirección falsa 516',-35.5378861,-71.5001055,1,172,8),(1044,'77.100.153-3','Punto de prueba 517','Dirección falsa 517',-35.3057917,-71.5305263,1,173,8),(1045,'77.360.130-9','Punto de prueba 519','Dirección falsa 519',-35.3085272,-71.5335257,1,173,8),(1046,'70.484.659-1','Punto de prueba 520','Dirección falsa 520',-35.9687022,-72.3618983,1,174,8),(1047,'73.591.246-7','Punto de prueba 522','Dirección falsa 522',-35.9710163,-72.3649332,1,174,8),(1048,'78.342.942-9','Punto de prueba 523','Dirección falsa 523',-36.265036,-72.7236947,1,175,8),(1049,'72.621.614-7','Punto de prueba 525','Dirección falsa 525',-36.2678063,-72.7264278,1,175,8),(1050,'71.949.97-9','Punto de prueba 526','Dirección falsa 526',-35.9259363,-72.7364153,1,176,8),(1051,'70.861.181-8','Punto de prueba 528','Dirección falsa 528',-35.928352,-72.739756,1,176,8),(1052,'73.935.835-1','Punto de prueba 529','Dirección falsa 529',-34.9792815,-71.2616289,1,177,8),(1053,'76.28.1-3','Punto de prueba 531','Dirección falsa 531',-34.9819466,-71.2642616,1,177,8),(1054,'77.678.553-3','Punto de prueba 532','Dirección falsa 532',-34.976227,-71.816131,1,178,8),(1055,'70.460.319-5','Punto de prueba 534','Dirección falsa 534',-34.9787252,-71.8189425,1,178,8),(1056,'77.904.139-9','Punto de prueba 535','Dirección falsa 535',-34.9824085,-72.0006441,1,179,8),(1057,'77.778.354-3','Punto de prueba 537','Dirección falsa 537',-34.9858928,-72.0030876,1,179,8),(1058,'71.643.521-2','Punto de prueba 538','Dirección falsa 538',-35.1117802,-71.3040085,1,180,8),(1059,'73.700.568-1','Punto de prueba 540','Dirección falsa 540',-35.1144353,-71.3071276,1,180,8),(1060,'77.924.3-8','Punto de prueba 541','Dirección falsa 541',-34.9234645,-71.3264706,1,181,8),(1061,'78.550.267-6','Punto de prueba 543','Dirección falsa 543',-34.9266813,-71.3297087,1,181,8),(1062,'75.501.968-2','Punto de prueba 544','Dirección falsa 544',-34.9322994,-71.3240074,1,182,8),(1063,'75.702.323-7','Punto de prueba 546','Dirección falsa 546',-34.9343639,-71.3268049,1,182,8),(1064,'73.919.851-8','Punto de prueba 547','Dirección falsa 547',-34.9963658,-71.3441075,1,183,8),(1065,'77.394.977-5','Punto de prueba 549','Dirección falsa 549',-34.9993253,-71.3477028,1,183,8),(1066,'70.391.758-2','Punto de prueba 550','Dirección falsa 550',-34.870379,-71.172288,1,184,8),(1067,'77.445.987-0','Punto de prueba 552','Dirección falsa 552',-34.8731203,-71.1743835,1,184,8),(1068,'71.798.983-8','Punto de prueba 553','Dirección falsa 553',-34.8825524,-72.0024991,1,185,8),(1069,'70.335.488-7','Punto de prueba 555','Dirección falsa 555',-34.8851189,-72.005614,1,185,8),(1070,'78.468.349-2','Punto de prueba 556','Dirección falsa 556',-35.8493069,-71.6216221,1,186,8),(1071,'75.191.27-9','Punto de prueba 558','Dirección falsa 558',-35.8528933,-71.623792,1,186,8),(1072,'73.336.134-5','Punto de prueba 559','Dirección falsa 559',-35.6932561,-71.435846,1,187,8),(1073,'72.886.367-8','Punto de prueba 561','Dirección falsa 561',-35.6956077,-71.4385016,1,187,8),(1074,'78.593.671-1','Punto de prueba 562','Dirección falsa 562',-35.9620083,-71.6908115,1,188,8),(1075,'76.257.990-5','Punto de prueba 564','Dirección falsa 564',-35.9646382,-71.6935806,1,188,8),(1076,'77.988.512-3','Punto de prueba 565','Dirección falsa 565',-36.1400102,-71.8394097,1,189,8),(1077,'74.306.802-0','Punto de prueba 567','Dirección falsa 567',-36.1424714,-71.8424551,1,189,8),(1078,'76.338.823-1','Punto de prueba 568','Dirección falsa 568',-36.0483068,-71.7739163,1,190,8),(1079,'79.12.122-5','Punto de prueba 570','Dirección falsa 570',-36.0513668,-71.7773067,1,190,8),(1080,'75.583.356-2','Punto de prueba 571','Dirección falsa 571',-35.5947149,-71.7403715,1,191,8),(1081,'74.790.806-1','Punto de prueba 573','Dirección falsa 573',-35.5985149,-71.7426968,1,191,8),(1082,'71.963.896-1','Punto de prueba 574','Dirección falsa 574',-35.6745881,-71.751513,1,192,8),(1083,'79.155.488-0','Punto de prueba 576','Dirección falsa 576',-35.6778335,-71.7536677,1,192,8),(1084,'79.235.163-4','Punto de prueba 577','Dirección falsa 577',-35.7482172,-71.5906184,1,193,8),(1085,'78.315.283-7','Punto de prueba 579','Dirección falsa 579',-35.7513294,-71.5936049,1,193,8),(1086,'73.860.825-0','Punto de prueba 580','Dirección falsa 580',-36.8246214,-73.1020698,1,194,9),(1087,'72.244.453-9','Punto de prueba 582','Dirección falsa 582',-36.8275477,-73.1048344,1,194,9),(1088,'71.995.284-4','Punto de prueba 583','Dirección falsa 583',-36.9880511,-73.2261363,1,195,9),(1089,'76.470.131-8','Punto de prueba 585','Dirección falsa 585',-36.9906506,-73.2283839,1,195,9),(1090,'70.634.316-3','Punto de prueba 586','Dirección falsa 586',-36.9230317,-73.0556319,1,196,9),(1091,'79.775.465-6','Punto de prueba 588','Dirección falsa 588',-36.9265529,-73.0586118,1,196,9),(1092,'75.540.607-0','Punto de prueba 589','Dirección falsa 589',-36.8223389,-72.6753327,1,197,9),(1093,'78.569.593-2','Punto de prueba 591','Dirección falsa 591',-36.8257226,-72.6786634,1,197,9),(1094,'71.193.155-1','Punto de prueba 592','Dirección falsa 592',-36.9722021,-72.9444009,1,198,9),(1095,'76.167.191-2','Punto de prueba 594','Dirección falsa 594',-36.9747972,-72.9469108,1,198,9),(1096,'73.163.939-5','Punto de prueba 595','Dirección falsa 595',-37.0918128,-73.1881483,1,199,9),(1097,'78.722.319-1','Punto de prueba 597','Dirección falsa 597',-37.0948297,-73.1912124,1,199,9),(1098,'72.688.81-5','Punto de prueba 598','Dirección falsa 598',-36.7362037,-73.0098895,1,200,9),(1099,'70.590.22-8','Punto de prueba 600','Dirección falsa 600',-36.7394926,-73.0128759,1,200,9),(1100,'72.112.732-3','Punto de prueba 601','Dirección falsa 601',-36.8693154,-73.187173,1,201,9),(1101,'78.12.103-5','Punto de prueba 603','Dirección falsa 603',-36.8721435,-73.190112,1,201,9),(1102,'73.421.344-1','Punto de prueba 604','Dirección falsa 604',-37.1727852,-72.9621625,1,202,9),(1103,'78.785.807-7','Punto de prueba 606','Dirección falsa 606',-37.1752404,-72.9655623,1,202,9),(1104,'75.407.912-0','Punto de prueba 607','Dirección falsa 607',-36.7293356,-73.1756857,1,203,9),(1105,'77.217.261-8','Punto de prueba 609','Dirección falsa 609',-36.7314039,-73.1789119,1,203,9),(1106,'71.735.565-5','Punto de prueba 610','Dirección falsa 610',-36.6170085,-72.9892813,1,204,9),(1107,'71.214.422-6','Punto de prueba 612','Dirección falsa 612',-36.6192529,-72.9918,1,204,9),(1108,'73.968.138-3','Punto de prueba 613','Dirección falsa 613',-36.7888509,-73.1210851,1,205,9),(1109,'71.185.877-9','Punto de prueba 615','Dirección falsa 615',-36.7915442,-73.1236733,1,205,9),(1110,'72.272.561-3','Punto de prueba 616','Dirección falsa 616',-37.6077124,-73.6553511,1,206,9),(1111,'70.242.690-8','Punto de prueba 618','Dirección falsa 618',-37.6108984,-73.6580974,1,206,9),(1112,'72.899.852-0','Punto de prueba 619','Dirección falsa 619',-37.2479362,-73.3384972,1,207,9),(1113,'72.414.549-3','Punto de prueba 621','Dirección falsa 621',-37.2510348,-73.3416369,1,207,9),(1114,'70.267.205-7','Punto de prueba 622','Dirección falsa 622',-37.8040811,-73.3990676,1,208,9),(1115,'71.399.355-3','Punto de prueba 624','Dirección falsa 624',-37.8071216,-73.4018808,1,208,9),(1116,'79.344.208-3','Punto de prueba 625','Dirección falsa 625',-38.1730532,-73.2407718,1,209,9),(1117,'71.146.933-5','Punto de prueba 627','Dirección falsa 627',-38.1757967,-73.2435519,1,209,9),(1118,'76.882.112-0','Punto de prueba 628','Dirección falsa 628',-37.4751681,-73.3498761,1,210,9),(1119,'73.498.132-2','Punto de prueba 630','Dirección falsa 630',-37.4776936,-73.3520868,1,210,9),(1120,'74.146.850-2','Punto de prueba 631','Dirección falsa 631',-37.6242083,-73.4691796,1,211,9),(1121,'78.829.661-4','Punto de prueba 633','Dirección falsa 633',-37.6272422,-73.4726714,1,211,9),(1122,'79.340.884-3','Punto de prueba 634','Dirección falsa 634',-38.3401366,-73.502691,1,212,9),(1123,'70.889.310-6','Punto de prueba 636','Dirección falsa 636',-38.3435446,-73.5052933,1,212,9),(1124,'70.496.939-2','Punto de prueba 637','Dirección falsa 637',-37.4645525,-72.3864898,1,213,9),(1125,'70.431.746-6','Punto de prueba 639','Dirección falsa 639',-37.4677201,-72.3888233,1,213,9),(1126,'78.324.383-2','Punto de prueba 640','Dirección falsa 640',-37.3302718,-71.6841473,1,214,9),(1127,'79.419.569-5','Punto de prueba 642','Dirección falsa 642',-37.3330971,-71.6871356,1,214,9),(1128,'71.179.630-3','Punto de prueba 643','Dirección falsa 643',-37.0313095,-72.4073201,1,215,9),(1129,'79.436.924-0','Punto de prueba 645','Dirección falsa 645',-37.0351651,-72.4097639,1,215,9),(1130,'75.637.431-8','Punto de prueba 646','Dirección falsa 646',-37.2703794,-72.7269067,1,216,9),(1131,'79.20.71-6','Punto de prueba 648','Dirección falsa 648',-37.2728156,-72.730087,1,216,9),(1132,'72.205.153-5','Punto de prueba 649','Dirección falsa 649',-37.7217371,-72.2587232,1,217,9),(1133,'72.748.92-3','Punto de prueba 651','Dirección falsa 651',-37.7243931,-72.2618335,1,217,9),(1134,'75.354.449-5','Punto de prueba 652','Dirección falsa 652',-37.5035132,-72.6816544,1,218,9),(1135,'75.85.381-4','Punto de prueba 654','Dirección falsa 654',-37.5059388,-72.684936,1,218,9),(1136,'78.53.0-7','Punto de prueba 655','Dirección falsa 655',-37.5843764,-72.5380967,1,219,9),(1137,'70.312.536-6','Punto de prueba 657','Dirección falsa 657',-37.5871752,-72.5405309,1,219,9),(1138,'75.716.223-2','Punto de prueba 658','Dirección falsa 658',-37.6851082,-72.0031115,1,220,9),(1139,'79.261.573-5','Punto de prueba 660','Dirección falsa 660',-37.6877606,-72.0056373,1,220,9),(1140,'70.656.559-8','Punto de prueba 661','Dirección falsa 661',-37.4731189,-71.9911734,1,221,9),(1141,'74.840.734-5','Punto de prueba 663','Dirección falsa 663',-37.4752207,-71.9940789,1,221,9),(1142,'71.694.102-7','Punto de prueba 664','Dirección falsa 664',-37.260394,-72.730712,1,222,9),(1143,'72.641.669-4','Punto de prueba 666','Dirección falsa 666',-37.2632513,-72.7330629,1,222,9),(1144,'73.628.323-4','Punto de prueba 667','Dirección falsa 667',-37.6652677,-72.0236973,1,223,9),(1145,'71.93.300-3','Punto de prueba 669','Dirección falsa 669',-37.6677632,-72.027324,1,223,9),(1146,'79.536.470-4','Punto de prueba 670','Dirección falsa 670',-37.2910936,-71.9585787,1,224,9),(1147,'70.709.152-0','Punto de prueba 672','Dirección falsa 672',-37.293435,-71.9615142,1,224,9),(1148,'72.883.740-2','Punto de prueba 673','Dirección falsa 673',-37.081294,-72.5737004,1,225,9),(1149,'77.43.455-2','Punto de prueba 675','Dirección falsa 675',-37.0845791,-72.5766327,1,225,9),(1150,'72.982.139-4','Punto de prueba 676','Dirección falsa 676',-38.0483616,-71.3236857,1,226,9),(1151,'76.952.836-6','Punto de prueba 678','Dirección falsa 678',-38.0513282,-71.3269121,1,226,9),(1152,'71.494.388-3','Punto de prueba 679','Dirección falsa 679',-38.7279569,-72.6364843,1,227,10),(1153,'78.765.525-1','Punto de prueba 681','Dirección falsa 681',-38.7303418,-72.6389483,1,227,10),(1154,'77.444.30-3','Punto de prueba 682','Dirección falsa 682',-38.7075137,-73.174698,1,228,10),(1155,'71.80.573-2','Punto de prueba 684','Dirección falsa 684',-38.7106632,-73.1778467,1,228,10),(1156,'74.748.262-0','Punto de prueba 685','Dirección falsa 685',-38.9305235,-72.0348594,1,229,10),(1157,'74.912.851-9','Punto de prueba 687','Dirección falsa 687',-38.9339009,-72.0378332,1,229,10),(1158,'71.537.292-7','Punto de prueba 688','Dirección falsa 688',-39.3611798,-71.5952309,1,230,10),(1159,'71.687.74-9','Punto de prueba 690','Dirección falsa 690',-39.3636958,-71.5973164,1,230,10),(1160,'79.895.349-4','Punto de prueba 691','Dirección falsa 691',-38.9588687,-72.6428715,1,231,10),(1161,'74.578.534-2','Punto de prueba 693','Dirección falsa 693',-38.9613479,-72.64528,1,231,10),(1162,'79.66.295-9','Punto de prueba 694','Dirección falsa 694',-38.4072049,-727908734.99807,1,232,10),(1163,'70.286.396-8','Punto de prueba 696','Dirección falsa 696',-38.4098854,-727908735.001119,1,232,10),(1164,'73.989.674-4','Punto de prueba 697','Dirección falsa 697',-39.0991205,-72.6950541,1,233,10),(1165,'70.295.689-9','Punto de prueba 699','Dirección falsa 699',-39.1019364,-72.6974934,1,233,10),(1166,'73.546.259-9','Punto de prueba 700','Dirección falsa 700',-38.5066215,-72.4611192,1,234,10),(1167,'77.951.181-0','Punto de prueba 702','Dirección falsa 702',-38.5097967,-72.4642207,1,234,10),(1168,'75.409.316-9','Punto de prueba 703','Dirección falsa 703',-39.3666469,-72.638861,1,235,10),(1169,'75.228.230-8','Punto de prueba 705','Dirección falsa 705',-39.3691271,-72.641291,1,235,10),(1170,'70.707.87-2','Punto de prueba 706','Dirección falsa 706',-38.8504995,-71.7005625,1,236,10),(1171,'78.965.612-9','Punto de prueba 708','Dirección falsa 708',-38.8533109,-71.7027592,1,236,10),(1172,'71.230.165-9','Punto de prueba 709','Dirección falsa 709',-38.7432787,-72.9558779,1,237,10),(1173,'72.112.357-4','Punto de prueba 711','Dirección falsa 711',-38.7461489,-72.9586749,1,237,10),(1174,'74.189.656-3','Punto de prueba 712','Dirección falsa 712',-38.7656537,-72.609075,1,238,10),(1175,'79.160.179-5','Punto de prueba 714','Dirección falsa 714',-38.7683947,-72.6120673,1,238,10),(1176,'78.769.385-7','Punto de prueba 715','Dirección falsa 715',-38.4147619,-72.3828286,1,239,10),(1177,'71.104.222-7','Punto de prueba 717','Dirección falsa 717',-38.4176566,-72.3854816,1,239,10),(1178,'78.703.699-7','Punto de prueba 718','Dirección falsa 718',-38.9821688,-72.6493624,1,240,10),(1179,'73.695.366-3','Punto de prueba 720','Dirección falsa 720',-38.9844425,-72.6515601,1,240,10),(1180,'70.231.472-8','Punto de prueba 721','Dirección falsa 721',-39.2787484,-71.9751906,1,241,10),(1181,'72.660.185-7','Punto de prueba 723','Dirección falsa 723',-39.2816323,-71.9778875,1,241,10),(1182,'78.595.991-5','Punto de prueba 724','Dirección falsa 724',-38.7822105,-73.4069754,1,242,10),(1183,'71.410.462-9','Punto de prueba 726','Dirección falsa 726',-38.7844437,-73.4099655,1,242,10),(1184,'78.493.547-8','Punto de prueba 727','Dirección falsa 727',-38.998,-73.101693,1,243,10),(1185,'79.208.987-2','Punto de prueba 729','Dirección falsa 729',-39.0002296,-73.1044141,1,243,10),(1186,'73.971.840-1','Punto de prueba 730','Dirección falsa 730',-39.2032335,-73.215218,1,244,10),(1187,'76.240.714-3','Punto de prueba 732','Dirección falsa 732',-39.2055762,-73.2175783,1,244,10),(1188,'71.786.570-7','Punto de prueba 733','Dirección falsa 733',-38.6666177,-72.2319699,1,245,10),(1189,'72.556.644-3','Punto de prueba 735','Dirección falsa 735',-38.6687153,-72.234994,1,245,10),(1190,'76.468.219-5','Punto de prueba 736','Dirección falsa 736',-39.2858743,-72.245897,1,246,10),(1191,'78.220.482-7','Punto de prueba 738','Dirección falsa 738',-39.2888636,-72.2486093,1,246,10),(1192,'70.809.89-9','Punto de prueba 739','Dirección falsa 739',-38.5992087,-72.8486789,1,247,10),(1193,'72.6.642-6','Punto de prueba 741','Dirección falsa 741',-38.6016082,-72.850936,1,247,10),(1194,'71.614.193-9','Punto de prueba 742','Dirección falsa 742',-37.8028,-72.7159387,1,248,10),(1195,'76.947.206-0','Punto de prueba 744','Dirección falsa 744',-37.8061105,-72.7192022,1,248,10),(1196,'71.592.47-2','Punto de prueba 745','Dirección falsa 745',-37.953598,-72.4423981,1,249,10),(1197,'75.324.529-8','Punto de prueba 747','Dirección falsa 747',-37.9568339,-72.4451152,1,249,10),(1198,'73.264.821-7','Punto de prueba 748','Dirección falsa 748',-38.4393321,-71.8955138,1,250,10),(1199,'75.542.848-2','Punto de prueba 750','Dirección falsa 750',-38.4418132,-71.8980536,1,250,10),(1200,'74.990.168-9','Punto de prueba 751','Dirección falsa 751',-38.0535217,-72.3908293,1,251,10),(1201,'76.397.301-8','Punto de prueba 753','Dirección falsa 753',-38.0565309,-72.3932894,1,251,10),(1202,'73.642.603-1','Punto de prueba 754','Dirección falsa 754',-38.4320031,-71.2409579,1,252,10),(1203,'75.133.763-7','Punto de prueba 756','Dirección falsa 756',-38.4347947,-71.2431241,1,252,10),(1204,'76.454.226-4','Punto de prueba 757','Dirección falsa 757',-37.9780587,-72.8420075,1,253,10),(1205,'72.978.456-0','Punto de prueba 759','Dirección falsa 759',-37.980266,-72.8443032,1,253,10),(1206,'78.45.485-5','Punto de prueba 760','Dirección falsa 760',-38.1623046,-72.9105971,1,254,10),(1207,'78.604.4-8','Punto de prueba 762','Dirección falsa 762',-38.1656471,-72.9131486,1,254,10),(1208,'77.977.514-1','Punto de prueba 763','Dirección falsa 763',-38.0316559,-73.0794866,1,255,10),(1209,'76.158.415-5','Punto de prueba 765','Dirección falsa 765',-38.0342168,-73.0816549,1,255,10),(1210,'78.241.900-6','Punto de prueba 766','Dirección falsa 766',-37.6724942,-72.5964412,1,256,10),(1211,'70.307.600-9','Punto de prueba 768','Dirección falsa 768',-37.6750073,-72.5991184,1,256,10),(1212,'73.62.95-9','Punto de prueba 769','Dirección falsa 769',-38.2489503,-72.6908427,1,257,10),(1213,'76.222.741-8','Punto de prueba 771','Dirección falsa 771',-38.2512307,-72.6935429,1,257,10),(1214,'79.428.137-4','Punto de prueba 772','Dirección falsa 772',-38.2375557,-72.377154,1,258,10),(1215,'71.172.292-8','Punto de prueba 774','Dirección falsa 774',-38.2403208,-72.379523,1,258,10),(1216,'71.215.609-4','Punto de prueba 775','Dirección falsa 775',-39.8334545,-73.4443693,1,259,11),(1217,'76.222.291-2','Punto de prueba 777','Dirección falsa 777',-39.8359572,-73.4470478,1,259,11),(1218,'74.647.569-5','Punto de prueba 778','Dirección falsa 778',-39.8874748,-73.4385419,1,260,11),(1219,'79.932.862-0','Punto de prueba 780','Dirección falsa 780',-39.8904263,-73.442299,1,260,11),(1220,'77.715.744-3','Punto de prueba 781','Dirección falsa 781',-39.449992,-72.7865921,1,261,11),(1221,'78.708.538-7','Punto de prueba 783','Dirección falsa 783',-39.4524969,-72.7894704,1,261,11),(1222,'73.63.607-3','Punto de prueba 784','Dirección falsa 784',-42.1243296,-75.458164,1,262,11),(1223,'72.295.249-6','Punto de prueba 786','Dirección falsa 786',-42.1273361,-75.4608217,1,262,11),(1224,'75.337.653-9','Punto de prueba 787','Dirección falsa 787',-39.6638152,-72.9647822,1,263,11),(1225,'75.375.216-5','Punto de prueba 789','Dirección falsa 789',-39.6664,-72.9670232,1,263,11),(1226,'76.801.611-6','Punto de prueba 790','Dirección falsa 790',-39.5385345,-72.9729448,1,264,11),(1227,'75.913.168-5','Punto de prueba 792','Dirección falsa 792',-39.5416296,-72.9755329,1,264,11),(1228,'72.304.238-1','Punto de prueba 793','Dirección falsa 793',-40.0703541,-72.8824182,1,265,11),(1229,'70.851.301-8','Punto de prueba 795','Dirección falsa 795',-40.073526,-72.8849864,1,265,11),(1230,'75.224.911-1','Punto de prueba 796','Dirección falsa 796',-39.6465142,-72.3508022,1,266,11),(1231,'77.679.660-7','Punto de prueba 798','Dirección falsa 798',-39.6493493,-72.3537726,1,266,11),(1232,'71.352.909-1','Punto de prueba 799','Dirección falsa 799',-40.2932931,-73.0862378,1,267,11),(1233,'76.882.102-8','Punto de prueba 801','Dirección falsa 801',-40.2968178,-73.0900359,1,267,11),(1234,'71.645.829-7','Punto de prueba 802','Dirección falsa 802',-40.1231034,-72.3877895,1,268,11),(1235,'79.170.754-5','Punto de prueba 804','Dirección falsa 804',-40.1261368,-72.3906074,1,268,11),(1236,'73.64.751-3','Punto de prueba 805','Dirección falsa 805',-40.3199721,-72.4891941,1,269,11),(1237,'70.779.995-3','Punto de prueba 807','Dirección falsa 807',-40.3225397,-72.4921061,1,269,11),(1238,'70.502.783-4','Punto de prueba 808','Dirección falsa 808',-40.3301303,-72.9561232,1,270,11),(1239,'75.313.40-3','Punto de prueba 810','Dirección falsa 810',-40.3324073,-72.9583342,1,270,11),(1240,'75.658.819-2','Punto de prueba 811','Dirección falsa 811',-41.4618279,-72.9819553,1,271,12),(1241,'76.226.802-3','Punto de prueba 813','Dirección falsa 813',-41.4640222,-72.9841106,1,271,12),(1242,'78.86.244-8','Punto de prueba 814','Dirección falsa 814',-41.7682931,-73.1565079,1,272,12),(1243,'72.322.279-1','Punto de prueba 816','Dirección falsa 816',-41.7714251,-73.15866,1,272,12),(1244,'70.638.633-8','Punto de prueba 817','Dirección falsa 817',-41.4907827,-72.316186,1,273,12),(1245,'75.738.840-0','Punto de prueba 819','Dirección falsa 819',-41.4942023,-72.3184407,1,273,12),(1246,'72.188.615-1','Punto de prueba 820','Dirección falsa 820',-41.1483356,-73.4240687,1,274,12),(1247,'78.173.527-7','Punto de prueba 822','Dirección falsa 822',-41.1511966,-73.4262465,1,274,12),(1248,'79.810.208-9','Punto de prueba 823','Dirección falsa 823',-41.1123773,-73.0687706,1,275,12),(1249,'76.792.117-0','Punto de prueba 825','Dirección falsa 825',-41.1145749,-73.0711236,1,275,12),(1250,'76.938.468-6','Punto de prueba 826','Dirección falsa 826',-41.3982813,-73.4717651,1,276,12),(1251,'78.517.615-5','Punto de prueba 828','Dirección falsa 828',-41.4005122,-73.4752628,1,276,12),(1252,'71.226.443-2','Punto de prueba 829','Dirección falsa 829',-41.2593902,-73.015545,1,277,12),(1253,'75.105.820-0','Punto de prueba 831','Dirección falsa 831',-41.2625827,-73.0177488,1,277,12),(1254,'70.980.28-0','Punto de prueba 832','Dirección falsa 832',-41.6130295,-73.6064424,1,278,12),(1255,'71.802.439-4','Punto de prueba 834','Dirección falsa 834',-41.6163168,-73.6092176,1,278,12),(1256,'78.315.258-5','Punto de prueba 835','Dirección falsa 835',-41.3200324,-73.0126193,1,279,12),(1257,'77.499.17-5','Punto de prueba 837','Dirección falsa 837',-41.3233629,-73.0155762,1,279,12),(1258,'71.571.578-7','Punto de prueba 838','Dirección falsa 838',-42.4782305,-73.809615,1,280,12),(1259,'79.58.950-4','Punto de prueba 840','Dirección falsa 840',-42.4810436,-73.8125687,1,280,12),(1260,'71.956.922-3','Punto de prueba 841','Dirección falsa 841',-41.8733657,-73.8324473,1,281,12),(1261,'71.897.600-1','Punto de prueba 843','Dirección falsa 843',-41.8765751,-73.8351344,1,281,12),(1262,'74.695.974-9','Punto de prueba 844','Dirección falsa 844',-42.6219199,-73.7811077,1,282,12),(1263,'77.613.739-1','Punto de prueba 846','Dirección falsa 846',-42.6251882,-73.7837195,1,282,12),(1264,'72.381.499-0','Punto de prueba 847','Dirección falsa 847',-42.439473,-73.6111476,1,283,12),(1265,'72.635.338-8','Punto de prueba 849','Dirección falsa 849',-42.4418494,-73.6141367,1,283,12),(1266,'77.483.175-8','Punto de prueba 850','Dirección falsa 850',-42.3718182,-73.6603598,1,284,12),(1267,'70.499.124-7','Punto de prueba 852','Dirección falsa 852',-42.374367,-73.6630609,1,284,12),(1268,'77.919.793-7','Punto de prueba 853','Dirección falsa 853',-42.6001168,-73.6787924,1,285,12),(1269,'74.720.421-2','Punto de prueba 855','Dirección falsa 855',-42.6027093,-73.6815283,1,285,12),(1270,'77.706.267-1','Punto de prueba 856','Dirección falsa 856',-42.8982473,-73.4908825,1,286,12),(1271,'72.59.355-6','Punto de prueba 858','Dirección falsa 858',-42.9010383,-73.493831,1,286,12),(1272,'75.32.374-7','Punto de prueba 859','Dirección falsa 859',-43.1145582,-73.621648,1,287,12),(1273,'70.796.826-1','Punto de prueba 861','Dirección falsa 861',-43.1177087,-73.6242074,1,287,12),(1274,'75.945.448-8','Punto de prueba 862','Dirección falsa 862',-42.1411977,-73.482067,1,288,12),(1275,'77.27.528-6','Punto de prueba 864','Dirección falsa 864',-42.1440685,-73.4850493,1,288,12),(1276,'76.523.140-0','Punto de prueba 865','Dirección falsa 865',-42.5367515,-73.426486,1,289,12),(1277,'75.248.869-6','Punto de prueba 867','Dirección falsa 867',-42.5397825,-73.42864,1,289,12),(1278,'74.65.769-8','Punto de prueba 868','Dirección falsa 868',-40.5721067,-73.1678533,1,290,12),(1279,'71.211.734-7','Punto de prueba 870','Dirección falsa 870',-40.5747227,-73.1703803,1,290,12),(1280,'75.110.901-0','Punto de prueba 871','Dirección falsa 871',-40.9755765,-72.8895372,1,291,12),(1281,'79.364.778-9','Punto de prueba 873','Dirección falsa 873',-40.9783378,-72.8918093,1,291,12),(1282,'71.92.565-7','Punto de prueba 874','Dirección falsa 874',-40.9067076,-73.1729033,1,292,12),(1283,'75.350.661-6','Punto de prueba 876','Dirección falsa 876',-40.909507,-73.1764002,1,292,12),(1284,'79.283.586-7','Punto de prueba 877','Dirección falsa 877',-40.6594895,-72.6207589,1,293,12),(1285,'78.317.581-9','Punto de prueba 879','Dirección falsa 879',-40.6619194,-72.6234908,1,293,12),(1286,'77.338.962-4','Punto de prueba 880','Dirección falsa 880',-40.7822178,-73.240789,1,294,12),(1287,'73.383.208-3','Punto de prueba 882','Dirección falsa 882',-40.7852022,-73.2436271,1,294,12),(1288,'75.159.208-4','Punto de prueba 883','Dirección falsa 883',-40.5147807,-73.4075293,1,295,12),(1289,'74.787.618-8','Punto de prueba 885','Dirección falsa 885',-40.5186499,-73.410427,1,295,12),(1290,'70.70.946-8','Punto de prueba 886','Dirección falsa 886',-40.4107148,-73.0197659,1,296,12),(1291,'73.232.181-5','Punto de prueba 888','Dirección falsa 888',-40.413906,-73.0230049,1,296,12),(1292,'74.107.886-7','Punto de prueba 889','Dirección falsa 889',-42.9837752,-73.7080082,1,297,12),(1293,'72.694.877-5','Punto de prueba 891','Dirección falsa 891',-42.9865694,-73.7102711,1,297,12),(1294,'73.767.541-3','Punto de prueba 892','Dirección falsa 892',-43.1817865,-71.8739667,1,298,12),(1295,'75.462.360-7','Punto de prueba 894','Dirección falsa 894',-43.1845558,-71.8769885,1,298,12),(1296,'77.348.270-1','Punto de prueba 895','Dirección falsa 895',-42.0986622,-72.4237551,1,299,12),(1297,'71.679.131-4','Punto de prueba 897','Dirección falsa 897',-42.1014097,-72.4266109,1,299,12),(1298,'72.80.150-5','Punto de prueba 898','Dirección falsa 898',-43.6156611,-71.8073773,1,300,12),(1299,'71.74.230-6','Punto de prueba 900','Dirección falsa 900',-43.617752,-71.8099566,1,300,12),(1300,'75.486.33-9','Punto de prueba 901','Dirección falsa 901',-45.5765109,-72.0679431,1,301,13),(1301,'78.278.550-0','Punto de prueba 903','Dirección falsa 903',-45.5791775,-72.0703715,1,301,13),(1302,'75.717.477-2','Punto de prueba 904','Dirección falsa 904',-44.236575,-71.8584177,1,302,13),(1303,'78.260.321-9','Punto de prueba 906','Dirección falsa 906',-44.2403204,-71.86172,1,302,13),(1304,'77.851.874-8','Punto de prueba 907','Dirección falsa 907',-46.3006686,-77.8711988,1,303,13),(1305,'75.938.312-1','Punto de prueba 909','Dirección falsa 909',-46.3034756,-77.8741561,1,303,13),(1306,'73.132.997-3','Punto de prueba 910','Dirección falsa 910',-44.7488616,-72.7071923,1,304,13),(1307,'74.598.87-7','Punto de prueba 912','Dirección falsa 912',-44.7514311,-72.7099327,1,304,13),(1308,'78.538.389-7','Punto de prueba 913','Dirección falsa 913',-43.8813482,-73.7573503,1,305,13),(1309,'73.421.620-6','Punto de prueba 915','Dirección falsa 915',-43.8850174,-73.7602125,1,305,13),(1310,'78.593.656-3','Punto de prueba 916','Dirección falsa 916',-47.2504335,-72.5806848,1,306,13),(1311,'76.298.928-2','Punto de prueba 918','Dirección falsa 918',-47.2535962,-72.5839324,1,306,13),(1312,'78.433.28-9','Punto de prueba 919','Dirección falsa 919',-48.4661593,-72.5664336,1,307,13),(1313,'75.650.333-2','Punto de prueba 921','Dirección falsa 921',-48.4685502,-72.5690803,1,307,13),(1314,'79.351.12-2','Punto de prueba 922','Dirección falsa 922',-47.7982783,-73.5463006,1,308,13),(1315,'72.454.293-0','Punto de prueba 924','Dirección falsa 924',-47.8010022,-73.5494162,1,308,13),(1316,'70.310.476-7','Punto de prueba 925','Dirección falsa 925',-46.540805,-71.730608,1,309,13),(1317,'71.182.135-4','Punto de prueba 927','Dirección falsa 927',-46.5433122,-71.7334956,1,309,13),(1318,'79.20.39-3','Punto de prueba 928','Dirección falsa 928',-46.2982778,-71.9408123,1,310,13),(1319,'73.782.623-5','Punto de prueba 930','Dirección falsa 930',-46.3010447,-71.9433148,1,310,13),(1320,'77.122.291-1','Punto de prueba 931','Dirección falsa 931',-53.1399197,-70.9751122,1,311,14),(1321,'71.682.745-8','Punto de prueba 933','Dirección falsa 933',-53.1428922,-70.9774094,1,311,14),(1322,'77.513.365-0','Punto de prueba 934','Dirección falsa 934',-52.2487154,-71.9240759,1,312,14),(1323,'79.650.274-0','Punto de prueba 936','Dirección falsa 936',-52.2511597,-71.9265354,1,312,14),(1324,'76.548.970-2','Punto de prueba 937','Dirección falsa 937',-52.5829528,-71.521283,1,313,14),(1325,'77.888.737-2','Punto de prueba 939','Dirección falsa 939',-52.5860331,-71.5237472,1,313,14),(1326,'71.492.517-2','Punto de prueba 940','Dirección falsa 940',-52.3139001,-69.6950471,1,314,14),(1327,'76.176.965-2','Punto de prueba 942','Dirección falsa 942',-52.3167455,-69.6986457,1,314,14),(1328,'75.388.960-2','Punto de prueba 943','Dirección falsa 943',-54.9322001,-67.6236456,1,315,14),(1329,'73.688.78-9','Punto de prueba 945','Dirección falsa 945',-54.9347323,-67.6273486,1,315,14),(1330,'76.993.558-9','Punto de prueba 946','Dirección falsa 946',-55.1475512,-71.5049735,1,316,14),(1331,'77.456.651-8','Punto de prueba 948','Dirección falsa 948',-55.1507983,-71.5080473,1,316,14),(1332,'77.414.513-2','Punto de prueba 949','Dirección falsa 949',-53.2926035,-70.3775915,1,317,14),(1333,'78.289.348-1','Punto de prueba 951','Dirección falsa 951',-53.2951262,-70.3797038,1,317,14),(1334,'79.58.523-5','Punto de prueba 952','Dirección falsa 952',-52.7154109,-69.2570798,1,318,14),(1335,'70.955.365-8','Punto de prueba 954','Dirección falsa 954',-52.7177135,-69.2606928,1,318,14),(1336,'70.2.209-1','Punto de prueba 955','Dirección falsa 955',-54.2936494,-69.1749906,1,319,14),(1337,'78.363.572-5','Punto de prueba 957','Dirección falsa 957',-54.2957333,-69.1774382,1,319,14),(1338,'74.671.78-6','Punto de prueba 958','Dirección falsa 958',-51.7318883,-72.5240849,1,320,14),(1339,'78.670.577-4','Punto de prueba 960','Dirección falsa 960',-51.7347313,-72.5264879,1,320,14),(1340,'73.38.657-4','Punto de prueba 961','Dirección falsa 961',-51.2599403,-72.3813816,1,321,14),(1341,'73.210.992-3','Punto de prueba 963','Dirección falsa 963',-51.2627933,-72.3845459,1,321,14),(1342,'71.12.883-9','Punto de prueba 964','Dirección falsa 964',-18.4709835,-70.3576758,1,322,15),(1343,'71.865.443-4','Punto de prueba 966','Dirección falsa 966',-18.4742734,-70.3605548,1,322,15),(1344,'74.583.265-1','Punto de prueba 967','Dirección falsa 967',-19.0094087,-69.8722711,1,323,15),(1345,'79.567.974-9','Punto de prueba 969','Dirección falsa 969',-19.0130039,-69.8753805,1,323,15),(1346,'74.21.475-5','Punto de prueba 970','Dirección falsa 970',-18.19538,-69.5665553,1,324,15),(1347,'74.357.640-6','Punto de prueba 972','Dirección falsa 972',-18.198166,-69.5702212,1,324,15),(1348,'78.388.716-8','Punto de prueba 973','Dirección falsa 973',-17.8650688,-69.5906592,1,325,15),(1349,'72.438.138-8','Punto de prueba 975','Dirección falsa 975',-17.8684255,-69.5937572,1,325,15),(1350,'79.482.635-5','Punto de prueba 976','Dirección falsa 976',-36.1370846,-72.8016585,1,326,16),(1351,'75.291.249-9','Punto de prueba 978','Dirección falsa 978',-36.1399452,-72.8047537,1,326,16),(1352,'70.700.200-2','Punto de prueba 979','Dirección falsa 979',-36.4822055,-72.7074303,1,327,16),(1353,'75.845.936-3','Punto de prueba 981','Dirección falsa 981',-36.4851758,-72.7098847,1,327,16),(1354,'72.781.77-2','Punto de prueba 982','Dirección falsa 982',-36.3984339,-72.4075064,1,328,16),(1355,'77.615.768-4','Punto de prueba 984','Dirección falsa 984',-36.4011926,-72.4103222,1,328,16),(1356,'73.469.885-9','Punto de prueba 985','Dirección falsa 985',-36.5254932,-72.4353394,1,329,16),(1357,'74.456.382-1','Punto de prueba 987','Dirección falsa 987',-36.5282162,-72.4381788,1,329,16),(1358,'76.180.983-0','Punto de prueba 988','Dirección falsa 988',-36.2816994,-72.5408586,1,330,16),(1359,'74.460.820-7','Punto de prueba 990','Dirección falsa 990',-36.2843223,-72.5431886,1,330,16),(1360,'75.122.985-3','Punto de prueba 991','Dirección falsa 991',-36.6509607,-72.6047247,1,331,16),(1361,'72.369.243-2','Punto de prueba 993','Dirección falsa 993',-36.6539254,-72.6072429,1,331,16),(1362,'74.671.441-3','Punto de prueba 994','Dirección falsa 994',-36.4201205,-72.6677251,1,332,16),(1363,'74.192.694-3','Punto de prueba 996','Dirección falsa 996',-36.4221863,-72.6706962,1,332,16),(1364,'77.754.400-1','Punto de prueba 997','Dirección falsa 997',-36.7941227,-72.4230701,1,333,16),(1365,'72.503.82-8','Punto de prueba 999','Dirección falsa 999',-36.7969095,-72.4260128,1,333,16),(1366,'73.999.323-9','Punto de prueba 1000','Dirección falsa 1000',-36.6276057,-72.1473569,1,334,16),(1367,'77.313.847-1','Punto de prueba 1002','Dirección falsa 1002',-36.6303492,-72.149612,1,334,16),(1368,'78.621.485-2','Punto de prueba 1003','Dirección falsa 1003',-36.6111238,-72.1375631,1,335,16),(1369,'73.605.578-5','Punto de prueba 1005','Dirección falsa 1005',-36.6140365,-72.1400317,1,335,16),(1370,'72.520.593-7','Punto de prueba 1006','Dirección falsa 1006',-36.8988709,-72.0408397,1,336,16),(1371,'79.852.555-6','Punto de prueba 1008','Dirección falsa 1008',-36.9010906,-72.0435518,1,336,16),(1372,'75.762.437-5','Punto de prueba 1009','Dirección falsa 1009',-36.9656657,-72.1076714,1,337,16),(1373,'78.310.243-1','Punto de prueba 1011','Dirección falsa 1011',-36.9679015,-72.1099189,1,337,16),(1374,'72.327.750-2','Punto de prueba 1012','Dirección falsa 1012',-36.6987016,-71.9014805,1,338,16),(1375,'75.398.465-2','Punto de prueba 1014','Dirección falsa 1014',-36.7011854,-71.9043917,1,338,16),(1376,'70.990.255-4','Punto de prueba 1015','Dirección falsa 1015',-36.8062704,-72.657731,1,339,16),(1377,'77.148.7-5','Punto de prueba 1017','Dirección falsa 1017',-36.8089892,-72.6606391,1,339,16),(1378,'73.389.834-0','Punto de prueba 1018','Dirección falsa 1018',-36.8116232,-72.1570141,1,340,16),(1379,'72.468.421-6','Punto de prueba 1020','Dirección falsa 1020',-36.8146751,-72.1593666,1,340,16),(1380,'71.240.460-7','Punto de prueba 1021','Dirección falsa 1021',-37.1201284,-72.0199805,1,341,16),(1381,'77.742.458-1','Punto de prueba 1023','Dirección falsa 1023',-37.123466,-72.02305,1,341,16),(1382,'76.48.898-2','Punto de prueba 1024','Dirección falsa 1024',-36.729231,-71.8548536,1,342,16),(1383,'75.958.446-3','Punto de prueba 1026','Dirección falsa 1026',-36.7318684,-71.8575162,1,342,16),(1384,'78.394.607-1','Punto de prueba 1027','Dirección falsa 1027',-36.2549495,-72.0981162,1,343,16),(1385,'74.498.476-8','Punto de prueba 1029','Dirección falsa 1029',-36.2575004,-72.1015201,1,343,16),(1386,'78.882.463-6','Punto de prueba 1030','Dirección falsa 1030',-36.4275032,-72.0015303,1,344,16),(1387,'74.967.923-6','Punto de prueba 1032','Dirección falsa 1032',-36.4312009,-72.0045205,1,344,16),(1388,'76.144.752-7','Punto de prueba 1033','Dirección falsa 1033',-36.5488854,-71.5574425,1,345,16),(1389,'71.886.821-4','Punto de prueba 1035','Dirección falsa 1035',-36.551774,-71.5597868,1,345,16),(1390,'70.125.892-4','Punto de prueba 1036','Dirección falsa 1036',-36.4987145,-72.2240659,1,346,16),(1391,'74.978.950-0','Punto de prueba 1038','Dirección falsa 1038',-36.5010893,-72.2269451,1,346,16);
/*!40000 ALTER TABLE `ecopoints_recyclingpoint` ENABLE KEYS */;
UNLOCK TABLES;

--
-- Table structure for table `ecopoints_recyclingpointrequest`
--

DROP TABLE IF EXISTS `ecopoints_recyclingpointrequest`;
/*!40101 SET @saved_cs_client     = @@character_set_client */;
/*!40101 SET character_set_client = utf8 */;
CREATE TABLE `ecopoints_recyclingpointrequest` (
  `id` int(11) NOT NULL AUTO_INCREMENT,
  `request_date` datetime(6) NOT NULL,
  `request_approbation_date` datetime(6) DEFAULT NULL,
  `was_evaluated` tinyint(1) NOT NULL,
  `was_approved` tinyint(1) NOT NULL,
  `request_municipality_id` int(11) DEFAULT NULL,
  `request_recyclingpoint_id` int(11) NOT NULL,
  `request_user_id` int(11) DEFAULT NULL,
  PRIMARY KEY (`id`),
  KEY `ecopoints_recyclingp_request_municipality_4b87a80b_fk_registrat` (`request_municipality_id`),
  KEY `ecopoints_recyclingp_request_recyclingpoi_1d9e756b_fk_ecopoints` (`request_recyclingpoint_id`),
  KEY `ecopoints_recyclingp_request_user_id_ba94a748_fk_registrat` (`request_user_id`),
  CONSTRAINT `ecopoints_recyclingp_request_municipality_4b87a80b_fk_registrat` FOREIGN KEY (`request_municipality_id`) REFERENCES `registration_municipality` (`id`),
  CONSTRAINT `ecopoints_recyclingp_request_recyclingpoi_1d9e756b_fk_ecopoints` FOREIGN KEY (`request_recyclingpoint_id`) REFERENCES `ecopoints_recyclingpoint` (`id`),
  CONSTRAINT `ecopoints_recyclingp_request_user_id_ba94a748_fk_registrat` FOREIGN KEY (`request_user_id`) REFERENCES `registration_person` (`id`)
) ENGINE=InnoDB AUTO_INCREMENT=7 DEFAULT CHARSET=latin1;
/*!40101 SET character_set_client = @saved_cs_client */;

--
-- Dumping data for table `ecopoints_recyclingpointrequest`
--

LOCK TABLES `ecopoints_recyclingpointrequest` WRITE;
/*!40000 ALTER TABLE `ecopoints_recyclingpointrequest` DISABLE KEYS */;
/*!40000 ALTER TABLE `ecopoints_recyclingpointrequest` ENABLE KEYS */;
UNLOCK TABLES;

--
-- Table structure for table `registration_city`
--

DROP TABLE IF EXISTS `registration_city`;
/*!40101 SET @saved_cs_client     = @@character_set_client */;
/*!40101 SET character_set_client = utf8 */;
CREATE TABLE `registration_city` (
  `id` int(11) NOT NULL AUTO_INCREMENT,
  `name` varchar(80) NOT NULL,
  `country_id` int(11) NOT NULL,
  `latitude` double NOT NULL,
  `longitude` double NOT NULL,
  PRIMARY KEY (`id`),
  KEY `registration_city_country_id_8a17acb5_fk_registration_country_id` (`country_id`),
  CONSTRAINT `registration_city_country_id_8a17acb5_fk_registration_country_id` FOREIGN KEY (`country_id`) REFERENCES `registration_country` (`id`)
) ENGINE=InnoDB AUTO_INCREMENT=347 DEFAULT CHARSET=utf8mb4;
/*!40101 SET character_set_client = @saved_cs_client */;

--
-- Dumping data for table `registration_city`
--

LOCK TABLES `registration_city` WRITE;
/*!40000 ALTER TABLE `registration_city` DISABLE KEYS */;
INSERT INTO `registration_city` VALUES (1,'Cerrillos',1,-33.5023203,-70.7476915),(2,'Cerro Navia',1,-33.4252661,-70.7665172),(3,'Conchalí',1,-33.3844504,-70.6960529),(4,'El Bosque',1,-33.5621696,-70.7118848),(5,'Estación Central',1,-33.4625988,-70.7207434),(6,'Huechuraba',1,-33.369279,-70.6822937),(7,'Independencia',1,-33.4178064,-70.6851698),(8,'La Cisterna',1,-33.5298488,-70.6825371),(9,'La Florida',1,-33.5346575,-70.5957314),(10,'La Granja',1,-33.5364348,-70.6581827),(11,'La Pintana',1,-33.5914923,-70.6733364),(12,'La Reina',1,-33.4472567,-70.5653943),(13,'Las Condes',1,-33.4233405,-70.5896295),(14,'Lo Barnechea',1,-33.3440219,-70.5322006),(15,'Lo Espejo',1,-33.5205351,-70.7062531),(16,'Lo Prado',1,-33.4475035,-70.7407489),(17,'Macul',1,-33.4899177,-70.6349899),(18,'Maipú',1,-33.5151788,-70.8961311),(19,'Ñuñoa',1,-33.4543727,-70.636175),(20,'Pedro Aguirre Cerda',1,-33.4933852,-70.6927631),(21,'Peñalolén',1,-33.4857978,-70.5840596),(22,'Providencia',1,-33.4266216,-70.6442696),(23,'Pudahuel',1,-33.418836,-70.9144609),(24,'Quilicura',1,-33.3549351,-70.7756285),(25,'Quinta Normal',1,-33.4282766,-70.7319469),(26,'Recoleta',1,-33.4060325,-70.6689441),(27,'Renca',1,-33.4035284,-70.7618304),(28,'Santiago',1,-33.4724727,-70.9100327),(29,'San Joaquín',1,-33.4941686,-70.6616627),(30,'San Miguel',1,-33.4976654,-70.6888711),(31,'San Ramón',1,-33.5377804,-70.6778463),(32,'Vitacura',1,-33.3837492,-70.5989215),(33,'Puente Alto',1,-33.5954807,-70.6318302),(34,'Pirque',1,-33.7254145,-70.6651264),(35,'San José de Maipo',1,-33.6433141,-70.3445802),(36,'Colina',1,-33.2041569,-70.7030475),(37,'Lampa',1,-33.2860411,-70.8946749),(38,'Tiltil',1,-33.090347,-70.9576398),(39,'San Bernardo',1,-33.6402254,-70.8686263),(40,'Buin',1,-33.729632,-70.78117),(41,'Calera de Tango',1,-32.7866662,-71.2059768),(42,'Paine',1,-33.8107612,-70.7404443),(43,'Melipilla',1,-33.6891097,-71.2389079),(44,'Alhué',1,-34.026202,-71.1198497),(45,'Curacaví',1,-33.3961382,-71.1685948),(46,'María Pinto',1,-33.5176684,-71.1326769),(47,'San Pedro',1,-33.8932173,-71.4671944),(48,'Talagante',1,-33.6627558,-70.9610296),(49,'El Monte',1,-33.6783063,-70.9963527),(50,'Isla de Maipo',1,-33.7422936,-70.9267618),(51,'Padre Hurtado',1,-33.5732905,-70.8540412),(52,'Peñaflor',1,-33.6072832,-70.8939075),(53,'Iquique',2,-20.2448023,-70.2088907),(54,'Alto Hospicio',2,-20.2715773,-70.1262985),(55,'Pozo Almonte',2,-20.2575822,-69.7912014),(56,'Camiña',2,-19.3116275,-69.4386235),(57,'Colchane',2,-19.2760613,-68.6405172),(58,'Huara',2,-19.9972254,-69.7806063),(59,'Pica',2,-20.4894623,-69.3392658),(60,'Antofagasta',3,-23.6279923,-70.5448166),(61,'Mejillones',3,-23.1028844,-70.4561104),(62,'Sierra Gorda',3,-22.8859924,-69.3259543),(63,'Taltal',3,-25.2833129,-69.7754218),(64,'Calama',3,-22.4611894,-68.9584051),(65,'Ollagüe',3,-21.2256711,-68.263535),(66,'San Pedro de Atacama',3,-22.9139737,-68.2161743),(67,'Tocopilla',3,-22.0857771,-70.2017612),(68,'María Elena',3,-22.1666465,-69.4254218),(69,'Copiapó',4,-27.3771862,-70.3560286),(70,'Caldera',4,-27.0697054,-70.8398338),(71,'Tierra Amarilla',4,-27.4703945,-70.2969046),(72,'Chañaral',4,-26.3409427,-70.6266471),(73,'Diego de Almagro',4,-26.3902289,-70.056285),(74,'Vallenar',4,-28.5776342,-70.7823179),(75,'Alto del Carmen',4,-28.7594245,-70.4954218),(76,'Freirina',4,-28.5100964,-71.0856291),(77,'Huasco',4,-28.4672469,-71.2290552),(78,'La Serena',5,-29.9076206,-71.3144884),(79,'Coquimbo',5,-29.9703042,-71.3687311),(80,'Andacollo',5,-30.2389221,-71.0988832),(81,'La Higuera',5,-29.511934,-71.2088392),(82,'Paiguano',5,-30.229653,-70.6259007),(83,'Vicuña',5,-30.0318806,-70.7168548),(84,'Illapel',5,-31.6341102,-71.188566),(85,'Canela',5,-31.3988699,-71.4648658),(86,'Los Vilos',5,-31.9098512,-71.5225531),(87,'Salamanca',5,-31.779227,-70.9834323),(88,'Ovalle',5,-30.5920935,-71.2406978),(89,'Combarbalá',5,-31.1794475,-71.012293),(90,'Monte Patria',5,-30.6978752,-70.9674437),(91,'Punitaqui',5,-30.9447626,-71.5726008),(92,'Río Hurtado',5,-30.2666477,-70.6754218),(93,'Valparaíso',6,-33.050631,-71.6460682),(94,'Casablanca',6,-33.3185039,-71.4241329),(95,'Concón',6,-32.933738,-71.5480715),(96,'Juan Fernández',6,-33.7086883,-80.3640894),(97,'Puchuncaví',6,-32.7220042,-71.4204552),(98,'Quintero',6,-32.7862531,-71.5688502),(99,'Viña del Mar',6,-33.0055093,-71.6002965),(100,'Isla de Pascua',6,-27.1259626,-109.4088559),(101,'Los Andes',6,-32.8320363,-70.6320396),(102,'Calle Larga',6,-32.8570624,-70.6338702),(103,'Rinconada',6,-32.8352408,-70.7097915),(104,'San Esteban',6,-32.802638,-70.5882205),(105,'La Ligua',6,-32.4501865,-71.2506257),(106,'Cabildo',6,-32.4301065,-71.0880827),(107,'Papudo',6,-32.506444,-71.4592497),(108,'Petorca',6,-32.2499992,-70.9420548),(109,'Zapallar',6,-32.5540046,-71.4671106),(110,'Quillota',6,-32.87122,-71.2832626),(111,'Calera',6,-32.7812372,-71.2197765),(112,'Hijuelas',6,-32.8181194,-71.1573559),(113,'La Cruz',6,-32.8257881,-71.2360603),(114,'Nogales',6,-32.7359185,-71.2254733),(115,'San Antonio',6,-33.5931621,-71.6463249),(116,'Algarrobo',6,-33.3678932,-71.6861481),(117,'Cartagena',6,-33.5383555,-71.6334442),(118,'El Quisco',6,-33.3941975,-71.7215847),(119,'El Tabo',6,-33.4572652,-71.665393),(120,'Santo Domingo',6,-33.6358143,-71.6368108),(121,'San Felipe',6,-32.7498563,-70.7371138),(122,'Catemu',6,-32.8778505,-70.6571651),(123,'Llaillay',6,-32.8393717,-70.9730399),(124,'Panquehue',6,-32.7670115,-70.8420548),(125,'Putaendo',6,-32.6264018,-70.7243282),(126,'Santa María',6,-32.7502654,-70.6658292),(127,'Quilpué',6,-33.0517266,-71.4780751),(128,'Limache',6,-33.0400469,-71.4379578),(129,'Olmué',6,-32.9980878,-71.2081261),(130,'Villa Alemana',6,-33.0680831,-71.4013312),(131,'Rancagua',7,-34.1593915,-70.7737188),(132,'Codegua',7,-34.0370133,-70.6816189),(133,'Coinco',7,-34.2661394,-70.9680965),(134,'Coltauco',7,-34.2877793,-71.094306),(135,'Doñihue',7,-34.2289674,-70.9666836),(136,'Graneros',7,-34.066673,-70.7413194),(137,'Las Cabras',7,-34.2931999,-71.321384),(138,'Machalí',7,-34.1776563,-70.6847887),(139,'Malloa',7,-34.442372,-70.9551435),(140,'San Francisco de Mostazal',7,-33.979147,-70.7207297),(141,'Olivar',7,-34.2329814,-70.8917548),(142,'Peumo',7,-34.3963207,-71.1788341),(143,'Pichidegua',7,-34.35736,-71.2960144),(144,'Quinta de Tilcoco',7,-34.3553818,-70.9792229),(145,'Rengo',7,-34.3978274,-70.8726167),(146,'Requínoa',7,-34.2883564,-70.8245878),(147,'San Vicente de Tagua Tagua',7,-34.43671,-71.0992856),(148,'Pichilemu',7,-34.3749544,-72.1804178),(149,'La Estrella',7,-34.2053008,-71.6717164),(150,'Litueche',7,-34.1162855,-71.7400525),(151,'Marchihue',7,-34.3984282,-71.6303263),(152,'Navidad',7,-34.00539,-71.9587218),(153,'Paredones',7,-34.6476314,-71.9109678),(154,'San Fernando',7,-34.5864885,-71.0214834),(155,'Chépica',7,-34.7255202,-71.2813473),(156,'Chimbarongo',7,-34.7055157,-71.0583384),(157,'Lolol',7,-34.7283982,-71.6545791),(158,'Nancagua',7,-34.6516656,-71.2098964),(159,'Palmilla',7,-34.5774038,-71.3888898),(160,'Peralillo',7,-34.4772496,-71.4960138),(161,'Placilla',7,-34.6364768,-71.1260258),(162,'Pumanque',7,-34.602638,-71.6640481),(163,'Santa Cruz',7,-34.6345173,-71.3809102),(164,'Talca',8,-35.4259616,-71.6888776),(165,'Constitución',8,-35.3321393,-72.4324079),(166,'Curepto',8,-35.0942678,-72.0309559),(167,'Empedrado',8,-35.5899247,-72.2850594),(168,'Maule',8,-35.6213499,-72.6772009),(169,'Pelarco',8,-35.383864,-71.4559468),(170,'Pencahue',8,-35.3960469,-71.8062111),(171,'Río Claro',8,-35.2844405,-71.2707661),(172,'San Clemente',8,-35.5364493,-71.4981253),(173,'San Rafael',8,-35.3074391,-71.5322534),(174,'Cauquenes',8,-35.9699843,-72.3637994),(175,'Chanco',8,-36.2666489,-72.7254218),(176,'Pelluhue',8,-35.9271128,-72.7379444),(177,'Curicó',8,-34.9809426,-71.2628081),(178,'Hualañé',8,-34.9773738,-71.817593),(179,'Licantén',8,-34.9841537,-72.0016772),(180,'Molina',8,-35.1132232,-71.3056009),(181,'Rauco',8,-34.9251065,-71.3278039),(182,'Romeral',8,-34.9333146,-71.3254218),(183,'Sagrada Familia',8,-34.9973873,-71.346005),(184,'Teno',8,-34.8720797,-71.1733462),(185,'Vichuquén',8,-34.8837261,-72.004152),(186,'Linares',8,-35.8512486,-71.6226659),(187,'Colbún',8,-35.6945894,-71.4371447),(188,'Longaví',8,-35.9636083,-71.6918799),(189,'Parral',8,-36.1410786,-71.8409845),(190,'Retiro',8,-36.0499818,-71.7754548),(191,'San Javier de Loncomilla',8,-35.5966834,-71.7416341),(192,'Villa Alegre',8,-35.6761779,-71.7526677),(193,'Yerbas Buenas',8,-35.7500588,-71.5924876),(194,'Concepción',9,-36.8261412,-73.1030861),(195,'Coronel',9,-36.9895025,-73.2273086),(196,'Chiguayante',9,-36.9248016,-73.0570169),(197,'Florida',9,-36.8237695,-72.6772266),(198,'Hualqui',9,-36.9737695,-72.9455985),(199,'Lota',9,-37.093589,-73.1898665),(200,'Penco',9,-36.7379398,-73.0115479),(201,'San Pedro de la Paz',9,-36.8704428,-73.1885171),(202,'Santa Juana',9,-37.1741027,-72.9639546),(203,'Talcahuano',9,-36.730374,-73.1770669),(204,'Tomé',9,-36.6180955,-72.9902894),(205,'Hualpén',9,-36.7905372,-73.1221581),(206,'Lebu',9,-37.6096965,-73.6570842),(207,'Arauco',9,-37.2492265,-73.3402363),(208,'Cañete',9,-37.8058023,-73.4007287),(209,'Contulmo',9,-38.174638,-73.2421454),(210,'Curanilahue',9,-37.4762252,-73.3508791),(211,'Los Álamos',9,-37.6261058,-73.4710212),(212,'Tirúa',9,-38.3418972,-73.5042708),(213,'Los Ángeles',9,-37.4661576,-72.3875092),(214,'Antuco',9,-37.3312985,-71.6851825),(215,'Cabrero',9,-37.0332819,-72.4087548),(216,'Laja',9,-37.2714071,-72.7282454),(217,'Mulchén',9,-37.7233144,-72.2599251),(218,'Nacimiento',9,-37.5049079,-72.6832804),(219,'Negrete',9,-37.5860976,-72.5392203),(220,'Quilaco',9,-37.6864818,-72.0045735),(221,'Quilleco',9,-37.4741466,-71.9923753),(222,'San Rosendo',9,-37.2620121,-72.7318667),(223,'Santa Bárbara',9,-37.6666821,-72.0254548),(224,'Tucapel',9,-37.2922869,-71.9599734),(225,'Yumbel',9,-37.0832821,-72.5754548),(226,'Alto Biobío',9,-38.0499823,-71.3254218),(227,'Temuco',10,-38.7290173,-72.6377406),(228,'Carahue',10,-38.7088417,-73.176636),(229,'Cunco',10,-38.9320387,-72.0367391),(230,'Curarrehue',10,-39.3624718,-71.5962715),(231,'Freire',10,-38.9603138,-72.6440316),(232,'Galvarino',10,-38.4088416,-727908735),(233,'Gorbea',10,-39.1002063,-72.6963786),(234,'Lautaro',10,-38.5084136,-72.4628891),(235,'Loncoche',10,-39.3681025,-72.6402675),(236,'Melipeuco',10,-38.8522884,-71.7016976),(237,'Nueva Imperial',10,-38.7445042,-72.9569829),(238,'Padre las Casas',10,-38.7673148,-72.6109099),(239,'Perquenco',10,-38.4160917,-72.3843766),(240,'Pitrufquén',10,-38.9832824,-72.650486),(241,'Pucón',10,-39.2803931,-71.9766899),(242,'Saavedra',10,-38.7832823,-73.4087548),(243,'Teodoro Schmidt',10,-38.9991669,-73.1030517),(244,'Toltén',10,-39.2043088,-73.2164984),(245,'Vilcún',10,-38.6677011,-72.2331954),(246,'Villarrica',10,-39.2870968,-72.2473338),(247,'Cholchol',10,-38.600573,-72.8498954),(248,'Angol',10,-37.8043152,-72.7172974),(249,'Collipulli',10,-37.9552787,-72.4438046),(250,'Curacautín',10,-38.4404763,-71.8966412),(251,'Ercilla',10,-38.0552979,-72.3920548),(252,'Lonquimay',10,-38.4333154,-71.2420878),(253,'Los Sauces',10,-37.9790854,-72.843236),(254,'Lumaco',10,-38.1640024,-72.9119394),(255,'Purén',10,-38.032664,-73.0805831),(256,'Renaico',10,-37.6737697,-72.597961),(257,'Traiguén',10,-38.2499823,-72.6920548),(258,'Victoria',10,-38.239187,-72.3781807),(259,'Valdivia',11,-39.8344973,-73.4459392),(260,'Corral',11,-39.8885571,-73.4403535),(261,'Lanco',11,-39.4510021,-72.7883715),(262,'Los Lagos',11,-42.1257127,-75.4594093),(263,'Máfil',11,-39.6648802,-72.9659121),(264,'Mariquina',11,-39.5402616,-72.9744068),(265,'Paillaco',11,-40.0718973,-72.8836259),(266,'Panguipulli',11,-39.6478656,-72.3521853),(267,'La Unión',11,-40.2952577,-73.0880828),(268,'Futrono',11,-40.1245239,-72.3896044),(269,'Lago Ranco',11,-40.3211431,-72.4909671),(270,'Río Bueno',11,-40.331325,-72.9572914),(271,'Puerto Montt',12,-41.462916,-72.9830376),(272,'Calbuco',12,-41.7696003,-73.157555),(273,'Cochamó',12,-41.4923048,-72.317186),(274,'Fresia',12,-41.149983,-73.4250891),(275,'Frutillar',12,-41.1134255,-73.0697973),(276,'Los Muermos',12,-41.3993924,-73.4737453),(277,'Llanquihue',12,-41.2606142,-73.0165954),(278,'Maullín',12,-41.6147901,-73.6077829),(279,'Puerto Varas',12,-41.321406,-73.0138899),(280,'Castro',12,-42.4794281,-73.8115161),(281,'Ancud',12,-41.8751939,-73.8338134),(282,'Chonchi',12,-42.6232427,-73.7826047),(283,'Curaco de Vélez',12,-42.4405301,-73.6124617),(284,'Dalcahue',12,-42.3732509,-73.6615503),(285,'Puqueldón',12,-42.601424,-73.6802396),(286,'Queilén',12,-42.8999834,-73.4920548),(287,'Quellón',12,-43.1163998,-73.6227433),(288,'Quemchi',12,-42.1427457,-73.483073),(289,'Quinchao',12,-42.5381158,-73.4275277),(290,'Osorno',12,-40.5736381,-73.1691503),(291,'Puerto Octay',12,-40.9768203,-72.8907164),(292,'Purranque',12,-40.9084141,-73.1748641),(293,'Puyehue',12,-40.6607765,-72.621911),(294,'Río Negro',12,-40.7832828,-73.2420548),(295,'San Juan de la Costa',12,-40.5166499,-73.4087548),(296,'San Pablo',12,-40.4124754,-73.0212474),(297,'Chaitén',12,-42.9854226,-73.709123),(298,'Futaleufú',12,-43.1832835,-71.8754548),(299,'Hualaihué',12,-42.0999832,-72.4254218),(300,'Palena',12,-43.6166836,-71.8087547),(301,'Coihaique',13,-45.5775646,-72.0692554),(302,'Lago Verde',13,-44.2385055,-71.8598818),(303,'Aisén',13,-46.3022635,-77.8725612),(304,'Cisnes',13,-44.7499839,-72.7087548),(305,'Guaitecas',13,-43.8833167,-73.7587548),(306,'Cochrane',13,-47.2523752,-72.5824331),(307,'O’Higgins',13,-48.4674316,-72.5679465),(308,'Tortel',13,-47.7995838,-73.54822),(309,'Chile Chico',13,-46.5422438,-71.7321163),(310,'Río Ibáñez',13,-46.2999843,-71.9420878),(311,'Punta Arenas',14,-53.1416438,-70.9763069),(312,'Laguna Blanca',14,-52.249986,-71.9254218),(313,'Río Verde',14,-52.5846651,-71.5224878),(314,'San Gregorio',14,-52.3155421,-69.6968108),(315,'Cabo de Hornos (Ex Navarino)',14,-54.9333199,-67.6254218),(316,'Antártica',14,-55.1488863,-71.5063051),(317,'Porvenir',14,-53.2937334,-70.3787038),(318,'Primavera',14,-52.7166531,-69.2587548),(319,'Timaukel',14,-54.2947087,-69.1762548),(320,'Natales',14,-51.7333189,-72.5254218),(321,'Torres del Paine',14,-51.2611126,-72.3833736),(322,'Arica',15,-18.472301,-70.3591887),(323,'Camarones',15,-19.0111724,-69.8742204),(324,'Putre',15,-18.1969698,-69.5684821),(325,'General Lagos',15,-17.8666461,-69.5920878),(326,'Cobquecura',16,-36.1385975,-72.8032766),(327,'Coelemu',16,-36.4832819,-72.7087548),(328,'Ninhue',16,-36.3999819,-72.4087548),(329,'Portezuelo',16,-36.5267542,-72.4369681),(330,'Quirihue',16,-36.2832817,-72.5420548),(331,'Ránquil',16,-36.652548,-72.606051),(332,'Treguaco',16,-36.4211225,-72.6693485),(333,'Bulnes',16,-36.7953966,-72.424734),(334,'Chillán Viejo',16,-36.629085,-72.1485516),(335,'Chillán',16,-36.6124158,-72.1387313),(336,'El Carmen',16,-36.899982,-72.0420548),(337,'Pemuco',16,-36.966682,-72.1087548),(338,'Pinto',16,-36.699982,-71.9028485),(339,'Quillón',16,-36.8075378,-72.6595426),(340,'San Ignacio',16,-36.8134889,-72.1583282),(341,'Yungay',16,-37.1219976,-72.021911),(342,'Coihueco',16,-36.7303299,-71.8560897),(343,'Ñiquén',16,-36.2564158,-72.0998645),(344,'San Carlos',16,-36.4293794,-72.002814),(345,'San Fabián',16,-36.5499819,-71.5587548),(346,'San Nicolás',16,-36.4999819,-72.2254548);
/*!40000 ALTER TABLE `registration_city` ENABLE KEYS */;
UNLOCK TABLES;

--
-- Table structure for table `registration_country`
--

DROP TABLE IF EXISTS `registration_country`;
/*!40101 SET @saved_cs_client     = @@character_set_client */;
/*!40101 SET character_set_client = utf8 */;
CREATE TABLE `registration_country` (
  `id` int(11) NOT NULL AUTO_INCREMENT,
  `name` varchar(80) NOT NULL,
  PRIMARY KEY (`id`)
) ENGINE=InnoDB AUTO_INCREMENT=17 DEFAULT CHARSET=utf8mb4;
/*!40101 SET character_set_client = @saved_cs_client */;

--
-- Dumping data for table `registration_country`
--

LOCK TABLES `registration_country` WRITE;
/*!40000 ALTER TABLE `registration_country` DISABLE KEYS */;
INSERT INTO `registration_country` VALUES (1,'Región Metropolitana de Santiago'),(2,'Región de Tarapacá'),(3,'Región de Antofagasta'),(4,'Región de Atacama'),(5,'Región de Coquimbo'),(6,'Región de Valparaíso'),(7,'Región del Libertador Gral. Bernardo OHiggins'),(8,'Región del Maule'),(9,'Región del Biobío'),(10,'Región de la Araucanía'),(11,'Región de Los Ríos'),(12,'Región de Los Lagos'),(13,'Región Aisén del Gral. Carlos Ibáñez del Campo'),(14,'Región de Magallanes y de la Antártica Chilena'),(15,'Región de Arica y Parinacota'),(16,'Región de Ñuble');
/*!40000 ALTER TABLE `registration_country` ENABLE KEYS */;
UNLOCK TABLES;

--
-- Table structure for table `registration_municipality`
--

DROP TABLE IF EXISTS `registration_municipality`;
/*!40101 SET @saved_cs_client     = @@character_set_client */;
/*!40101 SET character_set_client = utf8 */;
CREATE TABLE `registration_municipality` (
  `id` int(11) NOT NULL AUTO_INCREMENT,
  `real_id_municipality` varchar(12) NOT NULL,
  `name_municipality` varchar(100) NOT NULL,
  `city_id` int(11) DEFAULT NULL,
  `country_id` int(11) DEFAULT NULL,
  `user_id` int(11) NOT NULL,
  PRIMARY KEY (`id`),
  UNIQUE KEY `real_id_municipality` (`real_id_municipality`),
  UNIQUE KEY `user_id` (`user_id`),
  UNIQUE KEY `city_id` (`city_id`),
  KEY `registration_municip_country_id_67dfe2c4_fk_registrat` (`country_id`),
  CONSTRAINT `registration_municip_city_id_8ceeb6f4_fk_registrat` FOREIGN KEY (`city_id`) REFERENCES `registration_city` (`id`),
  CONSTRAINT `registration_municip_country_id_67dfe2c4_fk_registrat` FOREIGN KEY (`country_id`) REFERENCES `registration_country` (`id`),
  CONSTRAINT `registration_municip_user_id_b03c5a59_fk_registrat` FOREIGN KEY (`user_id`) REFERENCES `registration_user` (`id`)
) ENGINE=InnoDB AUTO_INCREMENT=494 DEFAULT CHARSET=latin1;
/*!40101 SET character_set_client = @saved_cs_client */;

--
-- Dumping data for table `registration_municipality`
--

LOCK TABLES `registration_municipality` WRITE;
/*!40000 ALTER TABLE `registration_municipality` DISABLE KEYS */;
INSERT INTO `registration_municipality` VALUES (1,'77.950.440-7','MUNICIPALIDAD DE TALCAHUANO',203,9,2),(3,'72020762-7','MUNICIPALIDAD DE CERRILLOS',1,1,3),(7,'73647770-2','MUNICIPALIDAD DE CERRO NAVIA',2,1,5),(8,'75634685-4','MUNICIPALIDAD DE CONCHALÍ',3,1,6),(9,'70036291-2','MUNICIPALIDAD DE EL BOSQUE',4,1,7),(10,'72694216-4','MUNICIPALIDAD DE ESTACIÓN CENTRAL',5,1,8),(11,'77023531-7','MUNICIPALIDAD DE HUECHURABA',6,1,9),(12,'72213211-1','MUNICIPALIDAD DE INDEPENDENCIA',7,1,10),(13,'71394603-8','MUNICIPALIDAD DE LA CISTERNA',8,1,11),(14,'70002704-3','MUNICIPALIDAD DE LA FLORIDA',9,1,12),(15,'76660281-3','MUNICIPALIDAD DE LA GRANJA',10,1,13),(16,'77724022-2','MUNICIPALIDAD DE LA PINTANA',11,1,14),(17,'77833296-3','MUNICIPALIDAD DE LA REINA',12,1,15),(18,'73649164-5','MUNICIPALIDAD DE LAS CONDES',13,1,16),(19,'79213923-4','MUNICIPALIDAD DE LO BARNECHEA',14,1,17),(20,'79389428-7','MUNICIPALIDAD DE LO ESPEJO',15,1,18),(21,'72239895-9','MUNICIPALIDAD DE LO PRADO',16,1,19),(22,'74961439-2','MUNICIPALIDAD DE MACUL',17,1,20),(23,'73087489-1','MUNICIPALIDAD DE MAIPÚ',18,1,21),(24,'76556940-1','MUNICIPALIDAD DE ÑUÑOA',19,1,22),(25,'75003195-1','MUNICIPALIDAD DE PEDRO AGUIRRE CERDA',20,1,23),(26,'79798950-4','MUNICIPALIDAD DE PEÑALOLÉN',21,1,24),(27,'79101685-3','MUNICIPALIDAD DE PROVIDENCIA',22,1,25),(28,'74385567-1','MUNICIPALIDAD DE PUDAHUEL',23,1,26),(29,'76125104-3','MUNICIPALIDAD DE QUILICURA',24,1,27),(30,'76661532-2','MUNICIPALIDAD DE QUINTA NORMAL',25,1,28),(31,'73075577-8','MUNICIPALIDAD DE RECOLETA',26,1,29),(32,'70205692-5','MUNICIPALIDAD DE RENCA',27,1,30),(33,'79364331-7','MUNICIPALIDAD DE SANTIAGO',28,1,31),(34,'73354276-1','MUNICIPALIDAD DE SAN JOAQUÍN',29,1,32),(35,'71237881-9','MUNICIPALIDAD DE SAN MIGUEL',30,1,33),(36,'70320324-8','MUNICIPALIDAD DE SAN RAMÓN',31,1,34),(37,'77004447-3','MUNICIPALIDAD DE VITACURA',32,1,35),(38,'78794252-9','MUNICIPALIDAD DE PUENTE ALTO',33,1,36),(39,'70317364-2','MUNICIPALIDAD DE PIRQUE',34,1,37),(40,'75669528-9','MUNICIPALIDAD DE SAN JOSÉ DE MAIPO',35,1,38),(41,'73385306-4','MUNICIPALIDAD DE COLINA',36,1,39),(42,'73584748-1','MUNICIPALIDAD DE LAMPA',37,1,40),(43,'73184654-3','MUNICIPALIDAD DE TILTIL',38,1,41),(44,'71912085-1','MUNICIPALIDAD DE SAN BERNARDO',39,1,42),(45,'77785348-1','MUNICIPALIDAD DE BUIN',40,1,43),(46,'79261963-2','MUNICIPALIDAD DE CALERA DE TANGO',41,1,44),(47,'73086815-2','MUNICIPALIDAD DE PAINE',42,1,45),(48,'76060718-2','MUNICIPALIDAD DE MELIPILLA',43,1,46),(49,'75430270-9','MUNICIPALIDAD DE ALHUÉ',44,1,47),(50,'71640890-9','MUNICIPALIDAD DE CURACAVÍ',45,1,48),(51,'74377997-5','MUNICIPALIDAD DE MARÍA PINTO',46,1,49),(52,'71821739-6','MUNICIPALIDAD DE SAN PEDRO',47,1,50),(53,'77686827-2','MUNICIPALIDAD DE TALAGANTE',48,1,51),(54,'76998049-4','MUNICIPALIDAD DE EL MONTE',49,1,52),(55,'73292741-5','MUNICIPALIDAD DE ISLA DE MAIPO',50,1,53),(56,'73272908-7','MUNICIPALIDAD DE PADRE HURTADO',51,1,54),(57,'72006955-3','MUNICIPALIDAD DE PEÑAFLOR',52,1,55),(58,'75065744-5','MUNICIPALIDAD DE IQUIQUE',53,2,56),(59,'78253893-1','MUNICIPALIDAD DE ALTO HOSPICIO',54,2,57),(60,'72898507-8','MUNICIPALIDAD DE POZO ALMONTE',55,2,58),(61,'71727583-9','MUNICIPALIDAD DE CAMIÑA',56,2,59),(62,'70715155-8','MUNICIPALIDAD DE COLCHANE',57,2,60),(63,'72932910-1','MUNICIPALIDAD DE HUARA',58,2,61),(64,'74180132-6','MUNICIPALIDAD DE PICA',59,2,62),(65,'78430957-8','MUNICIPALIDAD DE ANTOFAGASTA',60,3,63),(66,'71054750-4','MUNICIPALIDAD DE MEJILLONES',61,3,64),(67,'76123619-4','MUNICIPALIDAD DE SIERRA GORDA',62,3,65),(68,'73942430-7','MUNICIPALIDAD DE TALTAL',63,3,66),(69,'71592376-9','MUNICIPALIDAD DE CALAMA',64,3,67),(70,'71406112-9','MUNICIPALIDAD DE OLLAGÜE',65,3,68),(71,'72693706-2','MUNICIPALIDAD DE SAN PEDRO DE ATACAMA',66,3,69),(72,'79514442-7','MUNICIPALIDAD DE TOCOPILLA',67,3,70),(73,'76477416-5','MUNICIPALIDAD DE MARÍA ELENA',68,3,71),(74,'75437704-9','MUNICIPALIDAD DE COPIAPÓ',69,4,72),(75,'75409628-3','MUNICIPALIDAD DE CALDERA',70,4,73),(76,'79478072-7','MUNICIPALIDAD DE TIERRA AMARILLA',71,4,74),(77,'79201380-3','MUNICIPALIDAD DE CHAÑARAL',72,4,75),(78,'77669449-2','MUNICIPALIDAD DE DIEGO DE ALMAGRO',73,4,76),(79,'79386782-7','MUNICIPALIDAD DE VALLENAR',74,4,77),(80,'79809172-7','MUNICIPALIDAD DE ALTO DEL CARMEN',75,4,78),(81,'77710620-1','MUNICIPALIDAD DE FREIRINA',76,4,79),(82,'75427363-6','MUNICIPALIDAD DE HUASCO',77,4,80),(83,'71501234-3','MUNICIPALIDAD DE LA SERENA',78,5,81),(84,'76955085-3','MUNICIPALIDAD DE COQUIMBO',79,5,82),(85,'77405377-4','MUNICIPALIDAD DE ANDACOLLO',80,5,83),(86,'77500315-8','MUNICIPALIDAD DE LA HIGUERA',81,5,84),(87,'78307083-7','MUNICIPALIDAD DE PAIGUANO',82,5,85),(88,'70752233-7','MUNICIPALIDAD DE VICUÑA',83,5,86),(89,'75047263-6','MUNICIPALIDAD DE ILLAPEL',84,5,87),(90,'72665582-4','MUNICIPALIDAD DE CANELA',85,5,88),(91,'74448785-8','MUNICIPALIDAD DE LOS VILOS',86,5,89),(92,'72184763-7','MUNICIPALIDAD DE SALAMANCA',87,5,90),(93,'71975147-4','MUNICIPALIDAD DE OVALLE',88,5,91),(94,'75127154-9','MUNICIPALIDAD DE COMBARBALÁ',89,5,92),(95,'74856770-1','MUNICIPALIDAD DE MONTE PATRIA',90,5,93),(96,'74797534-2','MUNICIPALIDAD DE PUNITAQUI',91,5,94),(97,'73232233-2','MUNICIPALIDAD DE RÍO HURTADO',92,5,95),(98,'76968387-8','MUNICIPALIDAD DE VALPARAÍSO',93,6,96),(99,'74534139-2','MUNICIPALIDAD DE CASABLANCA',94,6,97),(100,'74017908-4','MUNICIPALIDAD DE CONCÓN',95,6,98),(101,'70021250-5','MUNICIPALIDAD DE JUAN FERNÁNDEZ',96,6,99),(102,'74714228-4','MUNICIPALIDAD DE PUCHUNCAVÍ',97,6,100),(103,'73331969-8','MUNICIPALIDAD DE QUINTERO',98,6,101),(104,'75598618-4','MUNICIPALIDAD DE VIÑA DEL MAR',99,6,102),(105,'75412073-8','MUNICIPALIDAD DE ISLA DE PASCUA',100,6,103),(106,'72579313-2','MUNICIPALIDAD DE LOS ANDES',101,6,104),(107,'75990194-9','MUNICIPALIDAD DE CALLE LARGA',102,6,105),(108,'71819896-2','MUNICIPALIDAD DE RINCONADA',103,6,106),(109,'71728651-8','MUNICIPALIDAD DE SAN ESTEBAN',104,6,107),(110,'74096847-3','MUNICIPALIDAD DE LA LIGUA',105,6,108),(111,'71961141-8','MUNICIPALIDAD DE CABILDO',106,6,109),(112,'71958313-6','MUNICIPALIDAD DE PAPUDO',107,6,110),(113,'73588283-9','MUNICIPALIDAD DE PETORCA',108,6,111),(114,'72615676-1','MUNICIPALIDAD DE ZAPALLAR',109,6,112),(115,'73638840-6','MUNICIPALIDAD DE QUILLOTA',110,6,113),(116,'78467428-6','MUNICIPALIDAD DE CALERA',111,6,114),(117,'72292245-7','MUNICIPALIDAD DE HIJUELAS',112,6,115),(118,'71160043-5','MUNICIPALIDAD DE LA CRUZ',113,6,116),(119,'72159269-4','MUNICIPALIDAD DE NOGALES',114,6,117),(120,'72733100-2','MUNICIPALIDAD DE SAN ANTONIO',115,6,118),(121,'78764293-5','MUNICIPALIDAD DE ALGARROBO',116,6,119),(122,'78957886-7','MUNICIPALIDAD DE CARTAGENA',117,6,120),(123,'73294843-7','MUNICIPALIDAD DE EL QUISCO',118,6,121),(124,'73554511-3','MUNICIPALIDAD DE EL TABO',119,6,122),(125,'72692796-1','MUNICIPALIDAD DE SANTO DOMINGO',120,6,123),(126,'73343150-1','MUNICIPALIDAD DE SAN FELIPE',121,6,124),(127,'78290238-2','MUNICIPALIDAD DE CATEMU',122,6,125),(128,'77901478-4','MUNICIPALIDAD DE LLAILLAY',123,6,126),(129,'79812430-5','MUNICIPALIDAD DE PANQUEHUE',124,6,127),(130,'78171919-7','MUNICIPALIDAD DE PUTAENDO',125,6,128),(131,'70516735-9','MUNICIPALIDAD DE SANTA MARÍA',126,6,129),(132,'78171593-9','MUNICIPALIDAD DE QUILPUÉ',127,6,130),(133,'78431619-4','MUNICIPALIDAD DE LIMACHE',128,6,131),(134,'75142450-5','MUNICIPALIDAD DE OLMUÉ',129,6,132),(135,'78107310-7','MUNICIPALIDAD DE VILLA ALEMANA',130,6,133),(136,'77993828-2','MUNICIPALIDAD DE RANCAGUA',131,7,134),(137,'78847236-8','MUNICIPALIDAD DE CODEGUA',132,7,135),(138,'77703550-7','MUNICIPALIDAD DE COINCO',133,7,136),(139,'73932850-9','MUNICIPALIDAD DE COLTAUCO',134,7,137),(140,'76580554-3','MUNICIPALIDAD DE DOÑIHUE',135,7,138),(141,'74100962-4','MUNICIPALIDAD DE GRANEROS',136,7,139),(142,'76556465-2','MUNICIPALIDAD DE LAS CABRAS',137,7,140),(143,'72188915-7','MUNICIPALIDAD DE MACHALÍ',138,7,141),(144,'74174848-9','MUNICIPALIDAD DE MALLOA',139,7,142),(145,'79670510-9','MUNICIPALIDAD DE SAN FRANCISCO DE MOSTAZAL',140,7,143),(146,'78028855-3','MUNICIPALIDAD DE OLIVAR',141,7,144),(147,'76412022-7','MUNICIPALIDAD DE PEUMO',142,7,145),(148,'75074658-8','MUNICIPALIDAD DE PICHIDEGUA',143,7,146),(149,'75120205-1','MUNICIPALIDAD DE QUINTA DE TILCOCO',144,7,147),(150,'77172011-8','MUNICIPALIDAD DE RENGO',145,7,148),(151,'70775747-2','MUNICIPALIDAD DE REQUÍNOA',146,7,149),(152,'70237244-8','MUNICIPALIDAD DE SAN VICENTE DE TAGUA TAGUA',147,7,150),(153,'72850881-6','MUNICIPALIDAD DE PICHILEMU',148,7,151),(154,'77256564-4','MUNICIPALIDAD DE LA ESTRELLA',149,7,152),(155,'73274251-3','MUNICIPALIDAD DE LITUECHE',150,7,153),(156,'75766382-6','MUNICIPALIDAD DE MARCHIHUE',151,7,154),(157,'78339379-7','MUNICIPALIDAD DE NAVIDAD',152,7,155),(158,'76076844-1','MUNICIPALIDAD DE PAREDONES',153,7,156),(159,'72262044-3','MUNICIPALIDAD DE SAN FERNANDO',154,7,157),(160,'74613467-9','MUNICIPALIDAD DE CHÉPICA',155,7,158),(161,'70701692-3','MUNICIPALIDAD DE CHIMBARONGO',156,7,159),(162,'71290213-9','MUNICIPALIDAD DE LOLOL',157,7,160),(163,'72026781-2','MUNICIPALIDAD DE NANCAGUA',158,7,161),(164,'73566517-1','MUNICIPALIDAD DE PALMILLA',159,7,162),(165,'78437341-9','MUNICIPALIDAD DE PERALILLO',160,7,163),(166,'71996863-5','MUNICIPALIDAD DE PLACILLA',161,7,164),(167,'77919466-8','MUNICIPALIDAD DE PUMANQUE',162,7,165),(168,'78358503-7','MUNICIPALIDAD DE SANTA CRUZ',163,7,166),(169,'70593501-6','MUNICIPALIDAD DE TALCA',164,8,167),(170,'76787629-6','MUNICIPALIDAD DE CONSTITUCIÓN',165,8,168),(171,'77993053-6','MUNICIPALIDAD DE CUREPTO',166,8,169),(172,'70622122-2','MUNICIPALIDAD DE EMPEDRADO',167,8,170),(173,'72344197-4','MUNICIPALIDAD DE MAULE',168,8,171),(174,'78248185-6','MUNICIPALIDAD DE PELARCO',169,8,172),(175,'76587846-5','MUNICIPALIDAD DE PENCAHUE',170,8,173),(176,'73563316-2','MUNICIPALIDAD DE RÍO CLARO',171,8,174),(177,'70859632-8','MUNICIPALIDAD DE SAN CLEMENTE',172,8,175),(178,'77117859-9','MUNICIPALIDAD DE SAN RAFAEL',173,8,176),(179,'76616999-6','MUNICIPALIDAD DE CAUQUENES',174,8,177),(180,'72733496-2','MUNICIPALIDAD DE CHANCO',175,8,178),(181,'73841651-1','MUNICIPALIDAD DE PELLUHUE',176,8,179),(182,'76491227-5','MUNICIPALIDAD DE CURICÓ',177,8,180),(183,'72316766-4','MUNICIPALIDAD DE HUALAÑÉ',178,8,181),(184,'76190276-2','MUNICIPALIDAD DE LICANTÉN',179,8,182),(185,'70003808-3','MUNICIPALIDAD DE MOLINA',180,8,183),(186,'79587736-2','MUNICIPALIDAD DE RAUCO',181,8,184),(187,'71983193-1','MUNICIPALIDAD DE ROMERAL',182,8,185),(188,'79586130-8','MUNICIPALIDAD DE SAGRADA FAMILIA',183,8,186),(189,'73906498-9','MUNICIPALIDAD DE TENO',184,8,187),(190,'72031744-8','MUNICIPALIDAD DE VICHUQUÉN',185,8,188),(191,'76381344-8','MUNICIPALIDAD DE LINARES',186,8,189),(192,'79796119-1','MUNICIPALIDAD DE COLBÚN',187,8,190),(193,'70519801-7','MUNICIPALIDAD DE LONGAVÍ',188,8,191),(194,'75344978-3','MUNICIPALIDAD DE PARRAL',189,8,192),(195,'76180267-1','MUNICIPALIDAD DE RETIRO',190,8,193),(196,'77584936-6','MUNICIPALIDAD DE SAN JAVIER DE LONCOMILLA',191,8,194),(197,'74750088-7','MUNICIPALIDAD DE VILLA ALEGRE',192,8,195),(198,'73858953-2','MUNICIPALIDAD DE YERBAS BUENAS',193,8,196),(199,'74797569-4','MUNICIPALIDAD DE CONCEPCIÓN',194,9,197),(200,'78265616-5','MUNICIPALIDAD DE CORONEL',195,9,198),(201,'75650375-5','MUNICIPALIDAD DE CHIGUAYANTE',196,9,199),(202,'70636068-6','MUNICIPALIDAD DE FLORIDA',197,9,200),(203,'75035613-4','MUNICIPALIDAD DE HUALQUI',198,9,201),(204,'79210880-5','MUNICIPALIDAD DE LOTA',199,9,202),(205,'77184311-9','MUNICIPALIDAD DE PENCO',200,9,203),(351,'76702888-1','MUNICIPALIDAD DE TOMÉ',204,9,206),(352,'73340600-5','MUNICIPALIDAD DE HUALPÉN',205,9,207),(353,'71707504-5','MUNICIPALIDAD DE LEBU',206,9,208),(354,'72762630-7','MUNICIPALIDAD DE ARAUCO',207,9,209),(355,'72474342-8','MUNICIPALIDAD DE CAÑETE',208,9,210),(356,'70555774-7','MUNICIPALIDAD DE CONTULMO',209,9,211),(357,'70293716-5','MUNICIPALIDAD DE CURANILAHUE',210,9,212),(358,'72925363-6','MUNICIPALIDAD DE LOS ÁLAMOS',211,9,213),(359,'72549654-2','MUNICIPALIDAD DE TIRÚA',212,9,214),(360,'76227253-8','MUNICIPALIDAD DE LOS ÁNGELES',213,9,215),(361,'72543392-5','MUNICIPALIDAD DE ANTUCO',214,9,216),(362,'78837758-2','MUNICIPALIDAD DE CABRERO',215,9,217),(363,'72045793-3','MUNICIPALIDAD DE LAJA',216,9,218),(364,'72672620-6','MUNICIPALIDAD DE MULCHÉN',217,9,219),(365,'72126352-2','MUNICIPALIDAD DE NACIMIENTO',218,9,220),(366,'78630873-8','MUNICIPALIDAD DE NEGRETE',219,9,221),(367,'72504698-9','MUNICIPALIDAD DE QUILACO',220,9,222),(368,'76332969-5','MUNICIPALIDAD DE QUILLECO',221,9,223),(369,'72362901-8','MUNICIPALIDAD DE SAN ROSENDO',222,9,224),(370,'71457998-1','MUNICIPALIDAD DE SANTA BÁRBARA',223,9,225),(371,'73401268-5','MUNICIPALIDAD DE TUCAPEL',224,9,226),(372,'75218036-6','MUNICIPALIDAD DE YUMBEL',225,9,227),(373,'70653183-7','MUNICIPALIDAD DE ALTO BIOBÍO',226,9,228),(374,'73834977-8','MUNICIPALIDAD DE TEMUCO',227,10,229),(375,'70255804-8','MUNICIPALIDAD DE CARAHUE',228,10,230),(376,'74738626-5','MUNICIPALIDAD DE CUNCO',229,10,231),(377,'76062636-6','MUNICIPALIDAD DE CURARREHUE',230,10,232),(378,'79051672-7','MUNICIPALIDAD DE FREIRE',231,10,233),(379,'71383868-2','MUNICIPALIDAD DE GALVARINO',232,10,234),(380,'74084043-7','MUNICIPALIDAD DE GORBEA',233,10,235),(381,'74543797-9','MUNICIPALIDAD DE LAUTARO',234,10,236),(382,'78055082-5','MUNICIPALIDAD DE LONCOCHE',235,10,237),(383,'72563277-3','MUNICIPALIDAD DE MELIPEUCO',236,10,238),(384,'72193743-5','MUNICIPALIDAD DE NUEVA IMPERIAL',237,10,239),(385,'77886483-7','MUNICIPALIDAD DE PADRE LAS CASAS',238,10,240),(386,'76247644-2','MUNICIPALIDAD DE PERQUENCO',239,10,241),(387,'74299633-9','MUNICIPALIDAD DE PITRUFQUÉN',240,10,242),(388,'79418063-2','MUNICIPALIDAD DE PUCÓN',241,10,243),(389,'78846753-1','MUNICIPALIDAD DE SAAVEDRA',242,10,244),(390,'71443477-9','MUNICIPALIDAD DE TEODORO SCHMIDT',243,10,245),(391,'78675790-3','MUNICIPALIDAD DE TOLTÉN',244,10,246),(392,'73585257-3','MUNICIPALIDAD DE VILCÚN',245,10,247),(393,'79189818-9','MUNICIPALIDAD DE VILLARRICA',246,10,248),(394,'78592357-9','MUNICIPALIDAD DE CHOLCHOL',247,10,249),(395,'76836635-9','MUNICIPALIDAD DE ANGOL',248,10,250),(396,'74362833-1','MUNICIPALIDAD DE COLLIPULLI',249,10,251),(397,'78400893-9','MUNICIPALIDAD DE CURACAUTÍN',250,10,252),(398,'79092002-8','MUNICIPALIDAD DE ERCILLA',251,10,253),(399,'71284470-4','MUNICIPALIDAD DE LONQUIMAY',252,10,254),(400,'78324760-9','MUNICIPALIDAD DE LOS SAUCES',253,10,255),(401,'72470052-2','MUNICIPALIDAD DE LUMACO',254,10,256),(402,'74827491-3','MUNICIPALIDAD DE PURÉN',255,10,257),(403,'79981904-3','MUNICIPALIDAD DE RENAICO',256,10,258),(404,'75274103-3','MUNICIPALIDAD DE TRAIGUÉN',257,10,259),(405,'75208265-7','MUNICIPALIDAD DE VICTORIA',258,10,260),(406,'76096835-5','MUNICIPALIDAD DE VALDIVIA',259,11,261),(407,'71701197-6','MUNICIPALIDAD DE CORRAL',260,11,262),(408,'76414575-3','MUNICIPALIDAD DE LANCO',261,11,263),(409,'77745604-2','MUNICIPALIDAD DE LOS LAGOS',262,11,264),(410,'77948929-1','MUNICIPALIDAD DE MÁFIL',263,11,265),(411,'75350196-8','MUNICIPALIDAD DE MARIQUINA',264,11,266),(412,'76101149-3','MUNICIPALIDAD DE PAILLACO',265,11,267),(413,'75379306-7','MUNICIPALIDAD DE PANGUIPULLI',266,11,268),(414,'72767242-3','MUNICIPALIDAD DE LA UNIÓN',267,11,269),(415,'74964547-3','MUNICIPALIDAD DE FUTRONO',268,11,270),(416,'79748214-7','MUNICIPALIDAD DE LAGO RANCO',269,11,271),(417,'71320396-1','MUNICIPALIDAD DE RÍO BUENO',270,11,272),(418,'79706147-8','MUNICIPALIDAD DE PUERTO MONTT',271,12,273),(419,'74596017-1','MUNICIPALIDAD DE CALBUCO',272,12,274),(420,'77464404-5','MUNICIPALIDAD DE COCHAMÓ',273,12,275),(421,'71227467-6','MUNICIPALIDAD DE FRESIA',274,12,276),(422,'75436570-7','MUNICIPALIDAD DE FRUTILLAR',275,12,277),(423,'72147765-2','MUNICIPALIDAD DE LOS MUERMOS',276,12,278),(424,'79483726-3','MUNICIPALIDAD DE LLANQUIHUE',277,12,279),(425,'70345540-4','MUNICIPALIDAD DE MAULLÍN',278,12,280),(426,'78917834-4','MUNICIPALIDAD DE PUERTO VARAS',279,12,281),(427,'71161313-1','MUNICIPALIDAD DE CASTRO',280,12,282),(428,'70312644-4','MUNICIPALIDAD DE ANCUD',281,12,283),(429,'77788295-3','MUNICIPALIDAD DE CHONCHI',282,12,284),(430,'73306772-9','MUNICIPALIDAD DE CURACO DE VÉLEZ',283,12,285),(431,'75201577-1','MUNICIPALIDAD DE DALCAHUE',284,12,286),(432,'74675859-7','MUNICIPALIDAD DE PUQUELDÓN',285,12,287),(433,'75626908-7','MUNICIPALIDAD DE QUEILÉN',286,12,288),(434,'71039800-4','MUNICIPALIDAD DE QUELLÓN',287,12,289),(435,'78726672-1','MUNICIPALIDAD DE QUEMCHI',288,12,290),(436,'76738476-8','MUNICIPALIDAD DE QUINCHAO',289,12,291),(437,'74249377-1','MUNICIPALIDAD DE OSORNO',290,12,292),(438,'76771301-7','MUNICIPALIDAD DE PUERTO OCTAY',291,12,293),(439,'75194627-9','MUNICIPALIDAD DE PURRANQUE',292,12,294),(440,'73639129-9','MUNICIPALIDAD DE PUYEHUE',293,12,295),(441,'79158878-5','MUNICIPALIDAD DE RÍO NEGRO',294,12,296),(442,'74682598-5','MUNICIPALIDAD DE SAN JUAN DE LA COSTA',295,12,297),(443,'79281349-4','MUNICIPALIDAD DE SAN PABLO',296,12,298),(444,'71366694-8','MUNICIPALIDAD DE CHAITÉN',297,12,299),(445,'74042239-1','MUNICIPALIDAD DE FUTALEUFÚ',298,12,300),(446,'79723334-9','MUNICIPALIDAD DE HUALAIHUÉ',299,12,301),(447,'72953848-2','MUNICIPALIDAD DE PALENA',300,12,302),(448,'71030333-5','MUNICIPALIDAD DE COIHAIQUE',301,13,303),(449,'77852272-5','MUNICIPALIDAD DE LAGO VERDE',302,13,304),(450,'71990086-3','MUNICIPALIDAD DE AISÉN',303,13,305),(451,'78584750-6','MUNICIPALIDAD DE CISNES',304,13,306),(452,'75905857-7','MUNICIPALIDAD DE GUAITECAS',305,13,307),(453,'79805892-1','MUNICIPALIDAD DE COCHRANE',306,13,308),(454,'77936782-8','MUNICIPALIDAD DE O’HIGGINS',307,13,309),(455,'74068325-4','MUNICIPALIDAD DE TORTEL',308,13,310),(456,'75323506-5','MUNICIPALIDAD DE CHILE CHICO',309,13,311),(457,'73785085-3','MUNICIPALIDAD DE RÍO IBÁÑEZ',310,13,312),(458,'75474858-7','MUNICIPALIDAD DE PUNTA ARENAS',311,14,313),(459,'73843095-8','MUNICIPALIDAD DE LAGUNA BLANCA',312,14,314),(460,'72114554-5','MUNICIPALIDAD DE RÍO VERDE',313,14,315),(461,'72726828-1','MUNICIPALIDAD DE SAN GREGORIO',314,14,316),(462,'73657187-2','MUNICIPALIDAD DE CABO DE HORNOS (EX NAVARINO)',315,14,317),(463,'79866998-7','MUNICIPALIDAD DE ANTÁRTICA',316,14,318),(464,'74966060-3','MUNICIPALIDAD DE PORVENIR',317,14,319),(465,'72014955-1','MUNICIPALIDAD DE PRIMAVERA',318,14,320),(466,'71476790-6','MUNICIPALIDAD DE TIMAUKEL',319,14,321),(467,'71543121-3','MUNICIPALIDAD DE NATALES',320,14,322),(468,'76809416-7','MUNICIPALIDAD DE TORRES DEL PAINE',321,14,323),(469,'76125359-5','MUNICIPALIDAD DE ARICA',322,15,324),(470,'76354247-8','MUNICIPALIDAD DE CAMARONES',323,15,325),(471,'72719800-7','MUNICIPALIDAD DE PUTRE',324,15,326),(472,'71582191-1','MUNICIPALIDAD DE GENERAL LAGOS',325,15,327),(473,'77280333-4','MUNICIPALIDAD DE COBQUECURA',326,16,328),(474,'76641961-8','MUNICIPALIDAD DE COELEMU',327,16,329),(475,'77494449-9','MUNICIPALIDAD DE NINHUE',328,16,330),(476,'78260531-5','MUNICIPALIDAD DE PORTEZUELO',329,16,331),(477,'76048390-7','MUNICIPALIDAD DE QUIRIHUE',330,16,332),(478,'70966012-7','MUNICIPALIDAD DE RÁNQUIL',331,16,333),(479,'79320481-4','MUNICIPALIDAD DE TREGUACO',332,16,334),(480,'76685350-2','MUNICIPALIDAD DE BULNES',333,16,335),(481,'70605407-5','MUNICIPALIDAD DE CHILLÁN VIEJO',334,16,336),(482,'77540477-6','MUNICIPALIDAD DE CHILLÁN',335,16,337),(483,'76317996-7','MUNICIPALIDAD DE EL CARMEN',336,16,338),(484,'79332323-3','MUNICIPALIDAD DE PEMUCO',337,16,339),(485,'76076045-1','MUNICIPALIDAD DE PINTO',338,16,340),(486,'76440153-5','MUNICIPALIDAD DE QUILLÓN',339,16,341),(487,'76201584-8','MUNICIPALIDAD DE SAN IGNACIO',340,16,342),(488,'71667120-3','MUNICIPALIDAD DE YUNGAY',341,16,343),(489,'74667565-6','MUNICIPALIDAD DE COIHUECO',342,16,344),(490,'71356984-8','MUNICIPALIDAD DE ÑIQUÉN',343,16,345),(491,'78706937-6','MUNICIPALIDAD DE SAN CARLOS',344,16,346),(492,'75288921-4','MUNICIPALIDAD DE SAN FABIÁN',345,16,347),(493,'79051254-3','MUNICIPALIDAD DE SAN NICOLÁS',346,16,348);
/*!40000 ALTER TABLE `registration_municipality` ENABLE KEYS */;
UNLOCK TABLES;

--
-- Table structure for table `registration_person`
--

DROP TABLE IF EXISTS `registration_person`;
/*!40101 SET @saved_cs_client     = @@character_set_client */;
/*!40101 SET character_set_client = utf8 */;
CREATE TABLE `registration_person` (
  `id` int(11) NOT NULL AUTO_INCREMENT,
  `real_id_user` varchar(12) NOT NULL,
  `middle_name` varchar(25) NOT NULL,
  `sur_name` varchar(25) NOT NULL,
  `city_id` int(11) DEFAULT NULL,
  `country_id` int(11) DEFAULT NULL,
  `user_id` int(11) NOT NULL,
  PRIMARY KEY (`id`),
  UNIQUE KEY `real_id_user` (`real_id_user`),
  UNIQUE KEY `user_id` (`user_id`),
  KEY `registration_person_city_id_3ace51a9_fk_registration_city_id` (`city_id`),
  KEY `registration_person_country_id_d4d7d69f_fk_registrat` (`country_id`),
  CONSTRAINT `registration_person_city_id_3ace51a9_fk_registration_city_id` FOREIGN KEY (`city_id`) REFERENCES `registration_city` (`id`),
  CONSTRAINT `registration_person_country_id_d4d7d69f_fk_registrat` FOREIGN KEY (`country_id`) REFERENCES `registration_country` (`id`),
  CONSTRAINT `registration_person_user_id_8ed6c11c_fk_registration_user_id` FOREIGN KEY (`user_id`) REFERENCES `registration_user` (`id`)
) ENGINE=InnoDB AUTO_INCREMENT=2 DEFAULT CHARSET=latin1;
/*!40101 SET character_set_client = @saved_cs_client */;

--
-- Dumping data for table `registration_person`
--

LOCK TABLES `registration_person` WRITE;
/*!40000 ALTER TABLE `registration_person` DISABLE KEYS */;
INSERT INTO `registration_person` VALUES (1,'18.069.609-1','Adán','Roa',203,9,1);
/*!40000 ALTER TABLE `registration_person` ENABLE KEYS */;
UNLOCK TABLES;

--
-- Table structure for table `registration_user`
--

DROP TABLE IF EXISTS `registration_user`;
/*!40101 SET @saved_cs_client     = @@character_set_client */;
/*!40101 SET character_set_client = utf8 */;
CREATE TABLE `registration_user` (
  `id` int(11) NOT NULL AUTO_INCREMENT,
  `password` varchar(128) NOT NULL,
  `last_login` datetime(6) DEFAULT NULL,
  `is_superuser` tinyint(1) NOT NULL,
  `username` varchar(150) NOT NULL,
  `first_name` varchar(30) NOT NULL,
  `last_name` varchar(150) NOT NULL,
  `email` varchar(254) NOT NULL,
  `is_staff` tinyint(1) NOT NULL,
  `is_active` tinyint(1) NOT NULL,
  `date_joined` datetime(6) NOT NULL,
  `is_person` tinyint(1) NOT NULL,
  `is_municipality` tinyint(1) NOT NULL,
  PRIMARY KEY (`id`),
  UNIQUE KEY `username` (`username`),
  UNIQUE KEY `email` (`email`)
) ENGINE=InnoDB AUTO_INCREMENT=349 DEFAULT CHARSET=latin1;
/*!40101 SET character_set_client = @saved_cs_client */;

--
-- Dumping data for table `registration_user`
--

LOCK TABLES `registration_user` WRITE;
/*!40000 ALTER TABLE `registration_user` DISABLE KEYS */;
INSERT INTO `registration_user` VALUES (1,'pbkdf2_sha256$150000$sGz3K4Erb7Wy$4m0D+R9tDeNGYTdqXomeNl+umEGWqR3FMcS/Ak7nKbg=','2019-06-01 23:29:39.035565',0,'patricio','Patricio','Muñoz','pmunozroa@gmail.com',0,1,'2019-05-26 20:49:51.615383',1,0),(2,'pbkdf2_sha256$150000$Dat7Ub81kmUo$0qbT2nwvsbmKrRGovmDIAQvzgb0TbQ0y+y6Bs4DU2u8=','2019-05-26 22:23:53.821131',0,'muni_talcahuano','','','muni_talcahuano@talcahuano.cl',0,1,'2019-05-26 20:50:41.975876',0,1),(3,'pbkdf2_sha256$150000$jl0fDGw3x8ti$m9N7dikVqbEgFmefaiF7mqCvbMi1c8+HazUcoJRnL10=',NULL,0,'muni_1','MUNICIPALIDAD DE','CERRILLOS','muni_cerrillos@gmail.com',0,1,'2019-06-01 00:00:00.000000',0,1),(5,'pbkdf2_sha256$150000$jl0fDGw3x8ti$m9N7dikVqbEgFmefaiF7mqCvbMi1c8+HazUcoJRnL10=',NULL,0,'muni_cerro_navia','MUNICIPALIDAD DE','CERRO NAVIA','muni_cerro_navia@gmail.com',0,1,'2019-06-01 00:00:00.000000',0,1),(6,'pbkdf2_sha256$150000$jl0fDGw3x8ti$m9N7dikVqbEgFmefaiF7mqCvbMi1c8+HazUcoJRnL10=',NULL,0,'muni_conchali','MUNICIPALIDAD DE','CONCHALÍ','muni_conchali@gmail.com',0,1,'2019-06-01 00:00:00.000000',0,1),(7,'pbkdf2_sha256$150000$jl0fDGw3x8ti$m9N7dikVqbEgFmefaiF7mqCvbMi1c8+HazUcoJRnL10=',NULL,0,'muni_el_bosque','MUNICIPALIDAD DE','EL BOSQUE','muni_el_bosque@gmail.com',0,1,'2019-06-01 00:00:00.000000',0,1),(8,'pbkdf2_sha256$150000$jl0fDGw3x8ti$m9N7dikVqbEgFmefaiF7mqCvbMi1c8+HazUcoJRnL10=',NULL,0,'muni_estacion_central','MUNICIPALIDAD DE','ESTACIÓN CENTRAL','muni_estacion_central@gmail.com',0,1,'2019-06-01 00:00:00.000000',0,1),(9,'pbkdf2_sha256$150000$jl0fDGw3x8ti$m9N7dikVqbEgFmefaiF7mqCvbMi1c8+HazUcoJRnL10=',NULL,0,'muni_huechuraba','MUNICIPALIDAD DE','HUECHURABA','muni_huechuraba@gmail.com',0,1,'2019-06-01 00:00:00.000000',0,1),(10,'pbkdf2_sha256$150000$jl0fDGw3x8ti$m9N7dikVqbEgFmefaiF7mqCvbMi1c8+HazUcoJRnL10=',NULL,0,'muni_independencia','MUNICIPALIDAD DE','INDEPENDENCIA','muni_independencia@gmail.com',0,1,'2019-06-01 00:00:00.000000',0,1),(11,'pbkdf2_sha256$150000$jl0fDGw3x8ti$m9N7dikVqbEgFmefaiF7mqCvbMi1c8+HazUcoJRnL10=',NULL,0,'muni_la_cisterna','MUNICIPALIDAD DE','LA CISTERNA','muni_la_cisterna@gmail.com',0,1,'2019-06-01 00:00:00.000000',0,1),(12,'pbkdf2_sha256$150000$jl0fDGw3x8ti$m9N7dikVqbEgFmefaiF7mqCvbMi1c8+HazUcoJRnL10=',NULL,0,'muni_la_florida','MUNICIPALIDAD DE','LA FLORIDA','muni_la_florida@gmail.com',0,1,'2019-06-01 00:00:00.000000',0,1),(13,'pbkdf2_sha256$150000$jl0fDGw3x8ti$m9N7dikVqbEgFmefaiF7mqCvbMi1c8+HazUcoJRnL10=',NULL,0,'muni_la_granja','MUNICIPALIDAD DE','LA GRANJA','muni_la_granja@gmail.com',0,1,'2019-06-01 00:00:00.000000',0,1),(14,'pbkdf2_sha256$150000$jl0fDGw3x8ti$m9N7dikVqbEgFmefaiF7mqCvbMi1c8+HazUcoJRnL10=',NULL,0,'muni_la_pintana','MUNICIPALIDAD DE','LA PINTANA','muni_la_pintana@gmail.com',0,1,'2019-06-01 00:00:00.000000',0,1),(15,'pbkdf2_sha256$150000$jl0fDGw3x8ti$m9N7dikVqbEgFmefaiF7mqCvbMi1c8+HazUcoJRnL10=',NULL,0,'muni_la_reina','MUNICIPALIDAD DE','LA REINA','muni_la_reina@gmail.com',0,1,'2019-06-01 00:00:00.000000',0,1),(16,'pbkdf2_sha256$150000$jl0fDGw3x8ti$m9N7dikVqbEgFmefaiF7mqCvbMi1c8+HazUcoJRnL10=',NULL,0,'muni_las_condes','MUNICIPALIDAD DE','LAS CONDES','muni_las_condes@gmail.com',0,1,'2019-06-01 00:00:00.000000',0,1),(17,'pbkdf2_sha256$150000$jl0fDGw3x8ti$m9N7dikVqbEgFmefaiF7mqCvbMi1c8+HazUcoJRnL10=',NULL,0,'muni_lo_barnechea','MUNICIPALIDAD DE','LO BARNECHEA','muni_lo_barnechea@gmail.com',0,1,'2019-06-01 00:00:00.000000',0,1),(18,'pbkdf2_sha256$150000$jl0fDGw3x8ti$m9N7dikVqbEgFmefaiF7mqCvbMi1c8+HazUcoJRnL10=',NULL,0,'muni_lo_espejo','MUNICIPALIDAD DE','LO ESPEJO','muni_lo_espejo@gmail.com',0,1,'2019-06-01 00:00:00.000000',0,1),(19,'pbkdf2_sha256$150000$jl0fDGw3x8ti$m9N7dikVqbEgFmefaiF7mqCvbMi1c8+HazUcoJRnL10=',NULL,0,'muni_lo_prado','MUNICIPALIDAD DE','LO PRADO','muni_lo_prado@gmail.com',0,1,'2019-06-01 00:00:00.000000',0,1),(20,'pbkdf2_sha256$150000$jl0fDGw3x8ti$m9N7dikVqbEgFmefaiF7mqCvbMi1c8+HazUcoJRnL10=',NULL,0,'muni_macul','MUNICIPALIDAD DE','MACUL','muni_macul@gmail.com',0,1,'2019-06-01 00:00:00.000000',0,1),(21,'pbkdf2_sha256$150000$jl0fDGw3x8ti$m9N7dikVqbEgFmefaiF7mqCvbMi1c8+HazUcoJRnL10=',NULL,0,'muni_maipu','MUNICIPALIDAD DE','MAIPÚ','muni_maipu@gmail.com',0,1,'2019-06-01 00:00:00.000000',0,1),(22,'pbkdf2_sha256$150000$jl0fDGw3x8ti$m9N7dikVqbEgFmefaiF7mqCvbMi1c8+HazUcoJRnL10=',NULL,0,'muni_ñuñoa','MUNICIPALIDAD DE','ÑUÑOA','muni_ñuñoa@gmail.com',0,1,'2019-06-01 00:00:00.000000',0,1),(23,'pbkdf2_sha256$150000$jl0fDGw3x8ti$m9N7dikVqbEgFmefaiF7mqCvbMi1c8+HazUcoJRnL10=',NULL,0,'muni_pedro_aguirre_cerda','MUNICIPALIDAD DE','PEDRO AGUIRRE CERDA','muni_pedro_aguirre_cerda@gmail.com',0,1,'2019-06-01 00:00:00.000000',0,1),(24,'pbkdf2_sha256$150000$jl0fDGw3x8ti$m9N7dikVqbEgFmefaiF7mqCvbMi1c8+HazUcoJRnL10=',NULL,0,'muni_peñalolen','MUNICIPALIDAD DE','PEÑALOLÉN','muni_peñalolen@gmail.com',0,1,'2019-06-01 00:00:00.000000',0,1),(25,'pbkdf2_sha256$150000$jl0fDGw3x8ti$m9N7dikVqbEgFmefaiF7mqCvbMi1c8+HazUcoJRnL10=',NULL,0,'muni_providencia','MUNICIPALIDAD DE','PROVIDENCIA','muni_providencia@gmail.com',0,1,'2019-06-01 00:00:00.000000',0,1),(26,'pbkdf2_sha256$150000$jl0fDGw3x8ti$m9N7dikVqbEgFmefaiF7mqCvbMi1c8+HazUcoJRnL10=',NULL,0,'muni_pudahuel','MUNICIPALIDAD DE','PUDAHUEL','muni_pudahuel@gmail.com',0,1,'2019-06-01 00:00:00.000000',0,1),(27,'pbkdf2_sha256$150000$jl0fDGw3x8ti$m9N7dikVqbEgFmefaiF7mqCvbMi1c8+HazUcoJRnL10=',NULL,0,'muni_quilicura','MUNICIPALIDAD DE','QUILICURA','muni_quilicura@gmail.com',0,1,'2019-06-01 00:00:00.000000',0,1),(28,'pbkdf2_sha256$150000$jl0fDGw3x8ti$m9N7dikVqbEgFmefaiF7mqCvbMi1c8+HazUcoJRnL10=',NULL,0,'muni_quinta_normal','MUNICIPALIDAD DE','QUINTA NORMAL','muni_quinta_normal@gmail.com',0,1,'2019-06-01 00:00:00.000000',0,1),(29,'pbkdf2_sha256$150000$jl0fDGw3x8ti$m9N7dikVqbEgFmefaiF7mqCvbMi1c8+HazUcoJRnL10=',NULL,0,'muni_recoleta','MUNICIPALIDAD DE','RECOLETA','muni_recoleta@gmail.com',0,1,'2019-06-01 00:00:00.000000',0,1),(30,'pbkdf2_sha256$150000$jl0fDGw3x8ti$m9N7dikVqbEgFmefaiF7mqCvbMi1c8+HazUcoJRnL10=',NULL,0,'muni_renca','MUNICIPALIDAD DE','RENCA','muni_renca@gmail.com',0,1,'2019-06-01 00:00:00.000000',0,1),(31,'pbkdf2_sha256$150000$jl0fDGw3x8ti$m9N7dikVqbEgFmefaiF7mqCvbMi1c8+HazUcoJRnL10=',NULL,0,'muni_santiago','MUNICIPALIDAD DE','SANTIAGO','muni_santiago@gmail.com',0,1,'2019-06-01 00:00:00.000000',0,1),(32,'pbkdf2_sha256$150000$jl0fDGw3x8ti$m9N7dikVqbEgFmefaiF7mqCvbMi1c8+HazUcoJRnL10=',NULL,0,'muni_san_joaquin','MUNICIPALIDAD DE','SAN JOAQUÍN','muni_san_joaquin@gmail.com',0,1,'2019-06-01 00:00:00.000000',0,1),(33,'pbkdf2_sha256$150000$jl0fDGw3x8ti$m9N7dikVqbEgFmefaiF7mqCvbMi1c8+HazUcoJRnL10=',NULL,0,'muni_san_miguel','MUNICIPALIDAD DE','SAN MIGUEL','muni_san_miguel@gmail.com',0,1,'2019-06-01 00:00:00.000000',0,1),(34,'pbkdf2_sha256$150000$jl0fDGw3x8ti$m9N7dikVqbEgFmefaiF7mqCvbMi1c8+HazUcoJRnL10=',NULL,0,'muni_san_ramon','MUNICIPALIDAD DE','SAN RAMÓN','muni_san_ramon@gmail.com',0,1,'2019-06-01 00:00:00.000000',0,1),(35,'pbkdf2_sha256$150000$jl0fDGw3x8ti$m9N7dikVqbEgFmefaiF7mqCvbMi1c8+HazUcoJRnL10=',NULL,0,'muni_vitacura','MUNICIPALIDAD DE','VITACURA','muni_vitacura@gmail.com',0,1,'2019-06-01 00:00:00.000000',0,1),(36,'pbkdf2_sha256$150000$jl0fDGw3x8ti$m9N7dikVqbEgFmefaiF7mqCvbMi1c8+HazUcoJRnL10=',NULL,0,'muni_puente_alto','MUNICIPALIDAD DE','PUENTE ALTO','muni_puente_alto@gmail.com',0,1,'2019-06-01 00:00:00.000000',0,1),(37,'pbkdf2_sha256$150000$jl0fDGw3x8ti$m9N7dikVqbEgFmefaiF7mqCvbMi1c8+HazUcoJRnL10=',NULL,0,'muni_pirque','MUNICIPALIDAD DE','PIRQUE','muni_pirque@gmail.com',0,1,'2019-06-01 00:00:00.000000',0,1),(38,'pbkdf2_sha256$150000$jl0fDGw3x8ti$m9N7dikVqbEgFmefaiF7mqCvbMi1c8+HazUcoJRnL10=',NULL,0,'muni_san_jose_de_maipo','MUNICIPALIDAD DE','SAN JOSÉ DE MAIPO','muni_san_jose_de_maipo@gmail.com',0,1,'2019-06-01 00:00:00.000000',0,1),(39,'pbkdf2_sha256$150000$jl0fDGw3x8ti$m9N7dikVqbEgFmefaiF7mqCvbMi1c8+HazUcoJRnL10=',NULL,0,'muni_colina','MUNICIPALIDAD DE','COLINA','muni_colina@gmail.com',0,1,'2019-06-01 00:00:00.000000',0,1),(40,'pbkdf2_sha256$150000$jl0fDGw3x8ti$m9N7dikVqbEgFmefaiF7mqCvbMi1c8+HazUcoJRnL10=',NULL,0,'muni_lampa','MUNICIPALIDAD DE','LAMPA','muni_lampa@gmail.com',0,1,'2019-06-01 00:00:00.000000',0,1),(41,'pbkdf2_sha256$150000$jl0fDGw3x8ti$m9N7dikVqbEgFmefaiF7mqCvbMi1c8+HazUcoJRnL10=',NULL,0,'muni_tiltil','MUNICIPALIDAD DE','TILTIL','muni_tiltil@gmail.com',0,1,'2019-06-01 00:00:00.000000',0,1),(42,'pbkdf2_sha256$150000$jl0fDGw3x8ti$m9N7dikVqbEgFmefaiF7mqCvbMi1c8+HazUcoJRnL10=',NULL,0,'muni_san_bernardo','MUNICIPALIDAD DE','SAN BERNARDO','muni_san_bernardo@gmail.com',0,1,'2019-06-01 00:00:00.000000',0,1),(43,'pbkdf2_sha256$150000$jl0fDGw3x8ti$m9N7dikVqbEgFmefaiF7mqCvbMi1c8+HazUcoJRnL10=',NULL,0,'muni_buin','MUNICIPALIDAD DE','BUIN','muni_buin@gmail.com',0,1,'2019-06-01 00:00:00.000000',0,1),(44,'pbkdf2_sha256$150000$jl0fDGw3x8ti$m9N7dikVqbEgFmefaiF7mqCvbMi1c8+HazUcoJRnL10=',NULL,0,'muni_calera_de_tango','MUNICIPALIDAD DE','CALERA DE TANGO','muni_calera_de_tango@gmail.com',0,1,'2019-06-01 00:00:00.000000',0,1),(45,'pbkdf2_sha256$150000$jl0fDGw3x8ti$m9N7dikVqbEgFmefaiF7mqCvbMi1c8+HazUcoJRnL10=',NULL,0,'muni_paine','MUNICIPALIDAD DE','PAINE','muni_paine@gmail.com',0,1,'2019-06-01 00:00:00.000000',0,1),(46,'pbkdf2_sha256$150000$jl0fDGw3x8ti$m9N7dikVqbEgFmefaiF7mqCvbMi1c8+HazUcoJRnL10=',NULL,0,'muni_melipilla','MUNICIPALIDAD DE','MELIPILLA','muni_melipilla@gmail.com',0,1,'2019-06-01 00:00:00.000000',0,1),(47,'pbkdf2_sha256$150000$jl0fDGw3x8ti$m9N7dikVqbEgFmefaiF7mqCvbMi1c8+HazUcoJRnL10=',NULL,0,'muni_alhue','MUNICIPALIDAD DE','ALHUÉ','muni_alhue@gmail.com',0,1,'2019-06-01 00:00:00.000000',0,1),(48,'pbkdf2_sha256$150000$jl0fDGw3x8ti$m9N7dikVqbEgFmefaiF7mqCvbMi1c8+HazUcoJRnL10=',NULL,0,'muni_curacavi','MUNICIPALIDAD DE','CURACAVÍ','muni_curacavi@gmail.com',0,1,'2019-06-01 00:00:00.000000',0,1),(49,'pbkdf2_sha256$150000$jl0fDGw3x8ti$m9N7dikVqbEgFmefaiF7mqCvbMi1c8+HazUcoJRnL10=',NULL,0,'muni_maria_pinto','MUNICIPALIDAD DE','MARÍA PINTO','muni_maria_pinto@gmail.com',0,1,'2019-06-01 00:00:00.000000',0,1),(50,'pbkdf2_sha256$150000$jl0fDGw3x8ti$m9N7dikVqbEgFmefaiF7mqCvbMi1c8+HazUcoJRnL10=',NULL,0,'muni_san_pedro','MUNICIPALIDAD DE','SAN PEDRO','muni_san_pedro@gmail.com',0,1,'2019-06-01 00:00:00.000000',0,1),(51,'pbkdf2_sha256$150000$jl0fDGw3x8ti$m9N7dikVqbEgFmefaiF7mqCvbMi1c8+HazUcoJRnL10=',NULL,0,'muni_talagante','MUNICIPALIDAD DE','TALAGANTE','muni_talagante@gmail.com',0,1,'2019-06-01 00:00:00.000000',0,1),(52,'pbkdf2_sha256$150000$jl0fDGw3x8ti$m9N7dikVqbEgFmefaiF7mqCvbMi1c8+HazUcoJRnL10=',NULL,0,'muni_el_monte','MUNICIPALIDAD DE','EL MONTE','muni_el_monte@gmail.com',0,1,'2019-06-01 00:00:00.000000',0,1),(53,'pbkdf2_sha256$150000$jl0fDGw3x8ti$m9N7dikVqbEgFmefaiF7mqCvbMi1c8+HazUcoJRnL10=',NULL,0,'muni_isla_de_maipo','MUNICIPALIDAD DE','ISLA DE MAIPO','muni_isla_de_maipo@gmail.com',0,1,'2019-06-01 00:00:00.000000',0,1),(54,'pbkdf2_sha256$150000$jl0fDGw3x8ti$m9N7dikVqbEgFmefaiF7mqCvbMi1c8+HazUcoJRnL10=',NULL,0,'muni_padre_hurtado','MUNICIPALIDAD DE','PADRE HURTADO','muni_padre_hurtado@gmail.com',0,1,'2019-06-01 00:00:00.000000',0,1),(55,'pbkdf2_sha256$150000$jl0fDGw3x8ti$m9N7dikVqbEgFmefaiF7mqCvbMi1c8+HazUcoJRnL10=',NULL,0,'muni_peñaflor','MUNICIPALIDAD DE','PEÑAFLOR','muni_peñaflor@gmail.com',0,1,'2019-06-01 00:00:00.000000',0,1),(56,'pbkdf2_sha256$150000$jl0fDGw3x8ti$m9N7dikVqbEgFmefaiF7mqCvbMi1c8+HazUcoJRnL10=',NULL,0,'muni_iquique','MUNICIPALIDAD DE','IQUIQUE','muni_iquique@gmail.com',0,1,'2019-06-01 00:00:00.000000',0,1),(57,'pbkdf2_sha256$150000$jl0fDGw3x8ti$m9N7dikVqbEgFmefaiF7mqCvbMi1c8+HazUcoJRnL10=',NULL,0,'muni_alto_hospicio','MUNICIPALIDAD DE','ALTO HOSPICIO','muni_alto_hospicio@gmail.com',0,1,'2019-06-01 00:00:00.000000',0,1),(58,'pbkdf2_sha256$150000$jl0fDGw3x8ti$m9N7dikVqbEgFmefaiF7mqCvbMi1c8+HazUcoJRnL10=',NULL,0,'muni_pozo_almonte','MUNICIPALIDAD DE','POZO ALMONTE','muni_pozo_almonte@gmail.com',0,1,'2019-06-01 00:00:00.000000',0,1),(59,'pbkdf2_sha256$150000$jl0fDGw3x8ti$m9N7dikVqbEgFmefaiF7mqCvbMi1c8+HazUcoJRnL10=',NULL,0,'muni_camiña','MUNICIPALIDAD DE','CAMIÑA','muni_camiña@gmail.com',0,1,'2019-06-01 00:00:00.000000',0,1),(60,'pbkdf2_sha256$150000$jl0fDGw3x8ti$m9N7dikVqbEgFmefaiF7mqCvbMi1c8+HazUcoJRnL10=',NULL,0,'muni_colchane','MUNICIPALIDAD DE','COLCHANE','muni_colchane@gmail.com',0,1,'2019-06-01 00:00:00.000000',0,1),(61,'pbkdf2_sha256$150000$jl0fDGw3x8ti$m9N7dikVqbEgFmefaiF7mqCvbMi1c8+HazUcoJRnL10=',NULL,0,'muni_huara','MUNICIPALIDAD DE','HUARA','muni_huara@gmail.com',0,1,'2019-06-01 00:00:00.000000',0,1),(62,'pbkdf2_sha256$150000$jl0fDGw3x8ti$m9N7dikVqbEgFmefaiF7mqCvbMi1c8+HazUcoJRnL10=',NULL,0,'muni_pica','MUNICIPALIDAD DE','PICA','muni_pica@gmail.com',0,1,'2019-06-01 00:00:00.000000',0,1),(63,'pbkdf2_sha256$150000$jl0fDGw3x8ti$m9N7dikVqbEgFmefaiF7mqCvbMi1c8+HazUcoJRnL10=',NULL,0,'muni_antofagasta','MUNICIPALIDAD DE','ANTOFAGASTA','muni_antofagasta@gmail.com',0,1,'2019-06-01 00:00:00.000000',0,1),(64,'pbkdf2_sha256$150000$jl0fDGw3x8ti$m9N7dikVqbEgFmefaiF7mqCvbMi1c8+HazUcoJRnL10=',NULL,0,'muni_mejillones','MUNICIPALIDAD DE','MEJILLONES','muni_mejillones@gmail.com',0,1,'2019-06-01 00:00:00.000000',0,1),(65,'pbkdf2_sha256$150000$jl0fDGw3x8ti$m9N7dikVqbEgFmefaiF7mqCvbMi1c8+HazUcoJRnL10=',NULL,0,'muni_sierra_gorda','MUNICIPALIDAD DE','SIERRA GORDA','muni_sierra_gorda@gmail.com',0,1,'2019-06-01 00:00:00.000000',0,1),(66,'pbkdf2_sha256$150000$jl0fDGw3x8ti$m9N7dikVqbEgFmefaiF7mqCvbMi1c8+HazUcoJRnL10=',NULL,0,'muni_taltal','MUNICIPALIDAD DE','TALTAL','muni_taltal@gmail.com',0,1,'2019-06-01 00:00:00.000000',0,1),(67,'pbkdf2_sha256$150000$jl0fDGw3x8ti$m9N7dikVqbEgFmefaiF7mqCvbMi1c8+HazUcoJRnL10=',NULL,0,'muni_calama','MUNICIPALIDAD DE','CALAMA','muni_calama@gmail.com',0,1,'2019-06-01 00:00:00.000000',0,1),(68,'pbkdf2_sha256$150000$jl0fDGw3x8ti$m9N7dikVqbEgFmefaiF7mqCvbMi1c8+HazUcoJRnL10=',NULL,0,'muni_ollagüe','MUNICIPALIDAD DE','OLLAGÜE','muni_ollagüe@gmail.com',0,1,'2019-06-01 00:00:00.000000',0,1),(69,'pbkdf2_sha256$150000$jl0fDGw3x8ti$m9N7dikVqbEgFmefaiF7mqCvbMi1c8+HazUcoJRnL10=',NULL,0,'muni_san_pedro_de_atacama','MUNICIPALIDAD DE','SAN PEDRO DE ATACAMA','muni_san_pedro_de_atacama@gmail.com',0,1,'2019-06-01 00:00:00.000000',0,1),(70,'pbkdf2_sha256$150000$jl0fDGw3x8ti$m9N7dikVqbEgFmefaiF7mqCvbMi1c8+HazUcoJRnL10=',NULL,0,'muni_tocopilla','MUNICIPALIDAD DE','TOCOPILLA','muni_tocopilla@gmail.com',0,1,'2019-06-01 00:00:00.000000',0,1),(71,'pbkdf2_sha256$150000$jl0fDGw3x8ti$m9N7dikVqbEgFmefaiF7mqCvbMi1c8+HazUcoJRnL10=',NULL,0,'muni_maria_elena','MUNICIPALIDAD DE','MARÍA ELENA','muni_maria_elena@gmail.com',0,1,'2019-06-01 00:00:00.000000',0,1),(72,'pbkdf2_sha256$150000$jl0fDGw3x8ti$m9N7dikVqbEgFmefaiF7mqCvbMi1c8+HazUcoJRnL10=',NULL,0,'muni_copiapo','MUNICIPALIDAD DE','COPIAPÓ','muni_copiapo@gmail.com',0,1,'2019-06-01 00:00:00.000000',0,1),(73,'pbkdf2_sha256$150000$jl0fDGw3x8ti$m9N7dikVqbEgFmefaiF7mqCvbMi1c8+HazUcoJRnL10=',NULL,0,'muni_caldera','MUNICIPALIDAD DE','CALDERA','muni_caldera@gmail.com',0,1,'2019-06-01 00:00:00.000000',0,1),(74,'pbkdf2_sha256$150000$jl0fDGw3x8ti$m9N7dikVqbEgFmefaiF7mqCvbMi1c8+HazUcoJRnL10=',NULL,0,'muni_tierra_amarilla','MUNICIPALIDAD DE','TIERRA AMARILLA','muni_tierra_amarilla@gmail.com',0,1,'2019-06-01 00:00:00.000000',0,1),(75,'pbkdf2_sha256$150000$jl0fDGw3x8ti$m9N7dikVqbEgFmefaiF7mqCvbMi1c8+HazUcoJRnL10=',NULL,0,'muni_chañaral','MUNICIPALIDAD DE','CHAÑARAL','muni_chañaral@gmail.com',0,1,'2019-06-01 00:00:00.000000',0,1),(76,'pbkdf2_sha256$150000$jl0fDGw3x8ti$m9N7dikVqbEgFmefaiF7mqCvbMi1c8+HazUcoJRnL10=',NULL,0,'muni_diego_de_almagro','MUNICIPALIDAD DE','DIEGO DE ALMAGRO','muni_diego_de_almagro@gmail.com',0,1,'2019-06-01 00:00:00.000000',0,1),(77,'pbkdf2_sha256$150000$jl0fDGw3x8ti$m9N7dikVqbEgFmefaiF7mqCvbMi1c8+HazUcoJRnL10=',NULL,0,'muni_vallenar','MUNICIPALIDAD DE','VALLENAR','muni_vallenar@gmail.com',0,1,'2019-06-01 00:00:00.000000',0,1),(78,'pbkdf2_sha256$150000$jl0fDGw3x8ti$m9N7dikVqbEgFmefaiF7mqCvbMi1c8+HazUcoJRnL10=',NULL,0,'muni_alto_del_carmen','MUNICIPALIDAD DE','ALTO DEL CARMEN','muni_alto_del_carmen@gmail.com',0,1,'2019-06-01 00:00:00.000000',0,1),(79,'pbkdf2_sha256$150000$jl0fDGw3x8ti$m9N7dikVqbEgFmefaiF7mqCvbMi1c8+HazUcoJRnL10=',NULL,0,'muni_freirina','MUNICIPALIDAD DE','FREIRINA','muni_freirina@gmail.com',0,1,'2019-06-01 00:00:00.000000',0,1),(80,'pbkdf2_sha256$150000$jl0fDGw3x8ti$m9N7dikVqbEgFmefaiF7mqCvbMi1c8+HazUcoJRnL10=',NULL,0,'muni_huasco','MUNICIPALIDAD DE','HUASCO','muni_huasco@gmail.com',0,1,'2019-06-01 00:00:00.000000',0,1),(81,'pbkdf2_sha256$150000$jl0fDGw3x8ti$m9N7dikVqbEgFmefaiF7mqCvbMi1c8+HazUcoJRnL10=',NULL,0,'muni_la_serena','MUNICIPALIDAD DE','LA SERENA','muni_la_serena@gmail.com',0,1,'2019-06-01 00:00:00.000000',0,1),(82,'pbkdf2_sha256$150000$jl0fDGw3x8ti$m9N7dikVqbEgFmefaiF7mqCvbMi1c8+HazUcoJRnL10=',NULL,0,'muni_coquimbo','MUNICIPALIDAD DE','COQUIMBO','muni_coquimbo@gmail.com',0,1,'2019-06-01 00:00:00.000000',0,1),(83,'pbkdf2_sha256$150000$jl0fDGw3x8ti$m9N7dikVqbEgFmefaiF7mqCvbMi1c8+HazUcoJRnL10=',NULL,0,'muni_andacollo','MUNICIPALIDAD DE','ANDACOLLO','muni_andacollo@gmail.com',0,1,'2019-06-01 00:00:00.000000',0,1),(84,'pbkdf2_sha256$150000$jl0fDGw3x8ti$m9N7dikVqbEgFmefaiF7mqCvbMi1c8+HazUcoJRnL10=',NULL,0,'muni_la_higuera','MUNICIPALIDAD DE','LA HIGUERA','muni_la_higuera@gmail.com',0,1,'2019-06-01 00:00:00.000000',0,1),(85,'pbkdf2_sha256$150000$jl0fDGw3x8ti$m9N7dikVqbEgFmefaiF7mqCvbMi1c8+HazUcoJRnL10=',NULL,0,'muni_paiguano','MUNICIPALIDAD DE','PAIGUANO','muni_paiguano@gmail.com',0,1,'2019-06-01 00:00:00.000000',0,1),(86,'pbkdf2_sha256$150000$jl0fDGw3x8ti$m9N7dikVqbEgFmefaiF7mqCvbMi1c8+HazUcoJRnL10=',NULL,0,'muni_vicuña','MUNICIPALIDAD DE','VICUÑA','muni_vicuña@gmail.com',0,1,'2019-06-01 00:00:00.000000',0,1),(87,'pbkdf2_sha256$150000$jl0fDGw3x8ti$m9N7dikVqbEgFmefaiF7mqCvbMi1c8+HazUcoJRnL10=',NULL,0,'muni_illapel','MUNICIPALIDAD DE','ILLAPEL','muni_illapel@gmail.com',0,1,'2019-06-01 00:00:00.000000',0,1),(88,'pbkdf2_sha256$150000$jl0fDGw3x8ti$m9N7dikVqbEgFmefaiF7mqCvbMi1c8+HazUcoJRnL10=',NULL,0,'muni_canela','MUNICIPALIDAD DE','CANELA','muni_canela@gmail.com',0,1,'2019-06-01 00:00:00.000000',0,1),(89,'pbkdf2_sha256$150000$jl0fDGw3x8ti$m9N7dikVqbEgFmefaiF7mqCvbMi1c8+HazUcoJRnL10=',NULL,0,'muni_los_vilos','MUNICIPALIDAD DE','LOS VILOS','muni_los_vilos@gmail.com',0,1,'2019-06-01 00:00:00.000000',0,1),(90,'pbkdf2_sha256$150000$jl0fDGw3x8ti$m9N7dikVqbEgFmefaiF7mqCvbMi1c8+HazUcoJRnL10=',NULL,0,'muni_salamanca','MUNICIPALIDAD DE','SALAMANCA','muni_salamanca@gmail.com',0,1,'2019-06-01 00:00:00.000000',0,1),(91,'pbkdf2_sha256$150000$jl0fDGw3x8ti$m9N7dikVqbEgFmefaiF7mqCvbMi1c8+HazUcoJRnL10=',NULL,0,'muni_ovalle','MUNICIPALIDAD DE','OVALLE','muni_ovalle@gmail.com',0,1,'2019-06-01 00:00:00.000000',0,1),(92,'pbkdf2_sha256$150000$jl0fDGw3x8ti$m9N7dikVqbEgFmefaiF7mqCvbMi1c8+HazUcoJRnL10=',NULL,0,'muni_combarbala','MUNICIPALIDAD DE','COMBARBALÁ','muni_combarbala@gmail.com',0,1,'2019-06-01 00:00:00.000000',0,1),(93,'pbkdf2_sha256$150000$jl0fDGw3x8ti$m9N7dikVqbEgFmefaiF7mqCvbMi1c8+HazUcoJRnL10=',NULL,0,'muni_monte_patria','MUNICIPALIDAD DE','MONTE PATRIA','muni_monte_patria@gmail.com',0,1,'2019-06-01 00:00:00.000000',0,1),(94,'pbkdf2_sha256$150000$jl0fDGw3x8ti$m9N7dikVqbEgFmefaiF7mqCvbMi1c8+HazUcoJRnL10=',NULL,0,'muni_punitaqui','MUNICIPALIDAD DE','PUNITAQUI','muni_punitaqui@gmail.com',0,1,'2019-06-01 00:00:00.000000',0,1),(95,'pbkdf2_sha256$150000$jl0fDGw3x8ti$m9N7dikVqbEgFmefaiF7mqCvbMi1c8+HazUcoJRnL10=',NULL,0,'muni_rio_hurtado','MUNICIPALIDAD DE','RÍO HURTADO','muni_rio_hurtado@gmail.com',0,1,'2019-06-01 00:00:00.000000',0,1),(96,'pbkdf2_sha256$150000$jl0fDGw3x8ti$m9N7dikVqbEgFmefaiF7mqCvbMi1c8+HazUcoJRnL10=',NULL,0,'muni_valparaiso','MUNICIPALIDAD DE','VALPARAÍSO','muni_valparaiso@gmail.com',0,1,'2019-06-01 00:00:00.000000',0,1),(97,'pbkdf2_sha256$150000$jl0fDGw3x8ti$m9N7dikVqbEgFmefaiF7mqCvbMi1c8+HazUcoJRnL10=',NULL,0,'muni_casablanca','MUNICIPALIDAD DE','CASABLANCA','muni_casablanca@gmail.com',0,1,'2019-06-01 00:00:00.000000',0,1),(98,'pbkdf2_sha256$150000$jl0fDGw3x8ti$m9N7dikVqbEgFmefaiF7mqCvbMi1c8+HazUcoJRnL10=',NULL,0,'muni_concon','MUNICIPALIDAD DE','CONCÓN','muni_concon@gmail.com',0,1,'2019-06-01 00:00:00.000000',0,1),(99,'pbkdf2_sha256$150000$jl0fDGw3x8ti$m9N7dikVqbEgFmefaiF7mqCvbMi1c8+HazUcoJRnL10=',NULL,0,'muni_juan_fernandez','MUNICIPALIDAD DE','JUAN FERNÁNDEZ','muni_juan_fernandez@gmail.com',0,1,'2019-06-01 00:00:00.000000',0,1),(100,'pbkdf2_sha256$150000$jl0fDGw3x8ti$m9N7dikVqbEgFmefaiF7mqCvbMi1c8+HazUcoJRnL10=',NULL,0,'muni_puchuncavi','MUNICIPALIDAD DE','PUCHUNCAVÍ','muni_puchuncavi@gmail.com',0,1,'2019-06-01 00:00:00.000000',0,1),(101,'pbkdf2_sha256$150000$jl0fDGw3x8ti$m9N7dikVqbEgFmefaiF7mqCvbMi1c8+HazUcoJRnL10=',NULL,0,'muni_quintero','MUNICIPALIDAD DE','QUINTERO','muni_quintero@gmail.com',0,1,'2019-06-01 00:00:00.000000',0,1),(102,'pbkdf2_sha256$150000$jl0fDGw3x8ti$m9N7dikVqbEgFmefaiF7mqCvbMi1c8+HazUcoJRnL10=',NULL,0,'muni_viña_del_mar','MUNICIPALIDAD DE','VIÑA DEL MAR','muni_viña_del_mar@gmail.com',0,1,'2019-06-01 00:00:00.000000',0,1),(103,'pbkdf2_sha256$150000$jl0fDGw3x8ti$m9N7dikVqbEgFmefaiF7mqCvbMi1c8+HazUcoJRnL10=',NULL,0,'muni_isla_de_pascua','MUNICIPALIDAD DE','ISLA DE PASCUA','muni_isla_de_pascua@gmail.com',0,1,'2019-06-01 00:00:00.000000',0,1),(104,'pbkdf2_sha256$150000$jl0fDGw3x8ti$m9N7dikVqbEgFmefaiF7mqCvbMi1c8+HazUcoJRnL10=',NULL,0,'muni_los_andes','MUNICIPALIDAD DE','LOS ANDES','muni_los_andes@gmail.com',0,1,'2019-06-01 00:00:00.000000',0,1),(105,'pbkdf2_sha256$150000$jl0fDGw3x8ti$m9N7dikVqbEgFmefaiF7mqCvbMi1c8+HazUcoJRnL10=',NULL,0,'muni_calle_larga','MUNICIPALIDAD DE','CALLE LARGA','muni_calle_larga@gmail.com',0,1,'2019-06-01 00:00:00.000000',0,1),(106,'pbkdf2_sha256$150000$jl0fDGw3x8ti$m9N7dikVqbEgFmefaiF7mqCvbMi1c8+HazUcoJRnL10=',NULL,0,'muni_rinconada','MUNICIPALIDAD DE','RINCONADA','muni_rinconada@gmail.com',0,1,'2019-06-01 00:00:00.000000',0,1),(107,'pbkdf2_sha256$150000$jl0fDGw3x8ti$m9N7dikVqbEgFmefaiF7mqCvbMi1c8+HazUcoJRnL10=',NULL,0,'muni_san_esteban','MUNICIPALIDAD DE','SAN ESTEBAN','muni_san_esteban@gmail.com',0,1,'2019-06-01 00:00:00.000000',0,1),(108,'pbkdf2_sha256$150000$jl0fDGw3x8ti$m9N7dikVqbEgFmefaiF7mqCvbMi1c8+HazUcoJRnL10=',NULL,0,'muni_la_ligua','MUNICIPALIDAD DE','LA LIGUA','muni_la_ligua@gmail.com',0,1,'2019-06-01 00:00:00.000000',0,1),(109,'pbkdf2_sha256$150000$jl0fDGw3x8ti$m9N7dikVqbEgFmefaiF7mqCvbMi1c8+HazUcoJRnL10=',NULL,0,'muni_cabildo','MUNICIPALIDAD DE','CABILDO','muni_cabildo@gmail.com',0,1,'2019-06-01 00:00:00.000000',0,1),(110,'pbkdf2_sha256$150000$jl0fDGw3x8ti$m9N7dikVqbEgFmefaiF7mqCvbMi1c8+HazUcoJRnL10=',NULL,0,'muni_papudo','MUNICIPALIDAD DE','PAPUDO','muni_papudo@gmail.com',0,1,'2019-06-01 00:00:00.000000',0,1),(111,'pbkdf2_sha256$150000$jl0fDGw3x8ti$m9N7dikVqbEgFmefaiF7mqCvbMi1c8+HazUcoJRnL10=',NULL,0,'muni_petorca','MUNICIPALIDAD DE','PETORCA','muni_petorca@gmail.com',0,1,'2019-06-01 00:00:00.000000',0,1),(112,'pbkdf2_sha256$150000$jl0fDGw3x8ti$m9N7dikVqbEgFmefaiF7mqCvbMi1c8+HazUcoJRnL10=',NULL,0,'muni_zapallar','MUNICIPALIDAD DE','ZAPALLAR','muni_zapallar@gmail.com',0,1,'2019-06-01 00:00:00.000000',0,1),(113,'pbkdf2_sha256$150000$jl0fDGw3x8ti$m9N7dikVqbEgFmefaiF7mqCvbMi1c8+HazUcoJRnL10=',NULL,0,'muni_quillota','MUNICIPALIDAD DE','QUILLOTA','muni_quillota@gmail.com',0,1,'2019-06-01 00:00:00.000000',0,1),(114,'pbkdf2_sha256$150000$jl0fDGw3x8ti$m9N7dikVqbEgFmefaiF7mqCvbMi1c8+HazUcoJRnL10=',NULL,0,'muni_calera','MUNICIPALIDAD DE','CALERA','muni_calera@gmail.com',0,1,'2019-06-01 00:00:00.000000',0,1),(115,'pbkdf2_sha256$150000$jl0fDGw3x8ti$m9N7dikVqbEgFmefaiF7mqCvbMi1c8+HazUcoJRnL10=',NULL,0,'muni_hijuelas','MUNICIPALIDAD DE','HIJUELAS','muni_hijuelas@gmail.com',0,1,'2019-06-01 00:00:00.000000',0,1),(116,'pbkdf2_sha256$150000$jl0fDGw3x8ti$m9N7dikVqbEgFmefaiF7mqCvbMi1c8+HazUcoJRnL10=',NULL,0,'muni_la_cruz','MUNICIPALIDAD DE','LA CRUZ','muni_la_cruz@gmail.com',0,1,'2019-06-01 00:00:00.000000',0,1),(117,'pbkdf2_sha256$150000$jl0fDGw3x8ti$m9N7dikVqbEgFmefaiF7mqCvbMi1c8+HazUcoJRnL10=',NULL,0,'muni_nogales','MUNICIPALIDAD DE','NOGALES','muni_nogales@gmail.com',0,1,'2019-06-01 00:00:00.000000',0,1),(118,'pbkdf2_sha256$150000$jl0fDGw3x8ti$m9N7dikVqbEgFmefaiF7mqCvbMi1c8+HazUcoJRnL10=',NULL,0,'muni_san_antonio','MUNICIPALIDAD DE','SAN ANTONIO','muni_san_antonio@gmail.com',0,1,'2019-06-01 00:00:00.000000',0,1),(119,'pbkdf2_sha256$150000$jl0fDGw3x8ti$m9N7dikVqbEgFmefaiF7mqCvbMi1c8+HazUcoJRnL10=',NULL,0,'muni_algarrobo','MUNICIPALIDAD DE','ALGARROBO','muni_algarrobo@gmail.com',0,1,'2019-06-01 00:00:00.000000',0,1),(120,'pbkdf2_sha256$150000$jl0fDGw3x8ti$m9N7dikVqbEgFmefaiF7mqCvbMi1c8+HazUcoJRnL10=',NULL,0,'muni_cartagena','MUNICIPALIDAD DE','CARTAGENA','muni_cartagena@gmail.com',0,1,'2019-06-01 00:00:00.000000',0,1),(121,'pbkdf2_sha256$150000$jl0fDGw3x8ti$m9N7dikVqbEgFmefaiF7mqCvbMi1c8+HazUcoJRnL10=',NULL,0,'muni_el_quisco','MUNICIPALIDAD DE','EL QUISCO','muni_el_quisco@gmail.com',0,1,'2019-06-01 00:00:00.000000',0,1),(122,'pbkdf2_sha256$150000$jl0fDGw3x8ti$m9N7dikVqbEgFmefaiF7mqCvbMi1c8+HazUcoJRnL10=',NULL,0,'muni_el_tabo','MUNICIPALIDAD DE','EL TABO','muni_el_tabo@gmail.com',0,1,'2019-06-01 00:00:00.000000',0,1),(123,'pbkdf2_sha256$150000$jl0fDGw3x8ti$m9N7dikVqbEgFmefaiF7mqCvbMi1c8+HazUcoJRnL10=',NULL,0,'muni_santo_domingo','MUNICIPALIDAD DE','SANTO DOMINGO','muni_santo_domingo@gmail.com',0,1,'2019-06-01 00:00:00.000000',0,1),(124,'pbkdf2_sha256$150000$jl0fDGw3x8ti$m9N7dikVqbEgFmefaiF7mqCvbMi1c8+HazUcoJRnL10=',NULL,0,'muni_san_felipe','MUNICIPALIDAD DE','SAN FELIPE','muni_san_felipe@gmail.com',0,1,'2019-06-01 00:00:00.000000',0,1),(125,'pbkdf2_sha256$150000$jl0fDGw3x8ti$m9N7dikVqbEgFmefaiF7mqCvbMi1c8+HazUcoJRnL10=',NULL,0,'muni_catemu','MUNICIPALIDAD DE','CATEMU','muni_catemu@gmail.com',0,1,'2019-06-01 00:00:00.000000',0,1),(126,'pbkdf2_sha256$150000$jl0fDGw3x8ti$m9N7dikVqbEgFmefaiF7mqCvbMi1c8+HazUcoJRnL10=',NULL,0,'muni_llaillay','MUNICIPALIDAD DE','LLAILLAY','muni_llaillay@gmail.com',0,1,'2019-06-01 00:00:00.000000',0,1),(127,'pbkdf2_sha256$150000$jl0fDGw3x8ti$m9N7dikVqbEgFmefaiF7mqCvbMi1c8+HazUcoJRnL10=',NULL,0,'muni_panquehue','MUNICIPALIDAD DE','PANQUEHUE','muni_panquehue@gmail.com',0,1,'2019-06-01 00:00:00.000000',0,1),(128,'pbkdf2_sha256$150000$jl0fDGw3x8ti$m9N7dikVqbEgFmefaiF7mqCvbMi1c8+HazUcoJRnL10=',NULL,0,'muni_putaendo','MUNICIPALIDAD DE','PUTAENDO','muni_putaendo@gmail.com',0,1,'2019-06-01 00:00:00.000000',0,1),(129,'pbkdf2_sha256$150000$jl0fDGw3x8ti$m9N7dikVqbEgFmefaiF7mqCvbMi1c8+HazUcoJRnL10=',NULL,0,'muni_santa_maria','MUNICIPALIDAD DE','SANTA MARÍA','muni_santa_maria@gmail.com',0,1,'2019-06-01 00:00:00.000000',0,1),(130,'pbkdf2_sha256$150000$jl0fDGw3x8ti$m9N7dikVqbEgFmefaiF7mqCvbMi1c8+HazUcoJRnL10=',NULL,0,'muni_quilpue','MUNICIPALIDAD DE','QUILPUÉ','muni_quilpue@gmail.com',0,1,'2019-06-01 00:00:00.000000',0,1),(131,'pbkdf2_sha256$150000$jl0fDGw3x8ti$m9N7dikVqbEgFmefaiF7mqCvbMi1c8+HazUcoJRnL10=',NULL,0,'muni_limache','MUNICIPALIDAD DE','LIMACHE','muni_limache@gmail.com',0,1,'2019-06-01 00:00:00.000000',0,1),(132,'pbkdf2_sha256$150000$jl0fDGw3x8ti$m9N7dikVqbEgFmefaiF7mqCvbMi1c8+HazUcoJRnL10=',NULL,0,'muni_olmue','MUNICIPALIDAD DE','OLMUÉ','muni_olmue@gmail.com',0,1,'2019-06-01 00:00:00.000000',0,1),(133,'pbkdf2_sha256$150000$jl0fDGw3x8ti$m9N7dikVqbEgFmefaiF7mqCvbMi1c8+HazUcoJRnL10=',NULL,0,'muni_villa_alemana','MUNICIPALIDAD DE','VILLA ALEMANA','muni_villa_alemana@gmail.com',0,1,'2019-06-01 00:00:00.000000',0,1),(134,'pbkdf2_sha256$150000$jl0fDGw3x8ti$m9N7dikVqbEgFmefaiF7mqCvbMi1c8+HazUcoJRnL10=',NULL,0,'muni_rancagua','MUNICIPALIDAD DE','RANCAGUA','muni_rancagua@gmail.com',0,1,'2019-06-01 00:00:00.000000',0,1),(135,'pbkdf2_sha256$150000$jl0fDGw3x8ti$m9N7dikVqbEgFmefaiF7mqCvbMi1c8+HazUcoJRnL10=',NULL,0,'muni_codegua','MUNICIPALIDAD DE','CODEGUA','muni_codegua@gmail.com',0,1,'2019-06-01 00:00:00.000000',0,1),(136,'pbkdf2_sha256$150000$jl0fDGw3x8ti$m9N7dikVqbEgFmefaiF7mqCvbMi1c8+HazUcoJRnL10=',NULL,0,'muni_coinco','MUNICIPALIDAD DE','COINCO','muni_coinco@gmail.com',0,1,'2019-06-01 00:00:00.000000',0,1),(137,'pbkdf2_sha256$150000$jl0fDGw3x8ti$m9N7dikVqbEgFmefaiF7mqCvbMi1c8+HazUcoJRnL10=',NULL,0,'muni_coltauco','MUNICIPALIDAD DE','COLTAUCO','muni_coltauco@gmail.com',0,1,'2019-06-01 00:00:00.000000',0,1),(138,'pbkdf2_sha256$150000$jl0fDGw3x8ti$m9N7dikVqbEgFmefaiF7mqCvbMi1c8+HazUcoJRnL10=',NULL,0,'muni_doñihue','MUNICIPALIDAD DE','DOÑIHUE','muni_doñihue@gmail.com',0,1,'2019-06-01 00:00:00.000000',0,1),(139,'pbkdf2_sha256$150000$jl0fDGw3x8ti$m9N7dikVqbEgFmefaiF7mqCvbMi1c8+HazUcoJRnL10=',NULL,0,'muni_graneros','MUNICIPALIDAD DE','GRANEROS','muni_graneros@gmail.com',0,1,'2019-06-01 00:00:00.000000',0,1),(140,'pbkdf2_sha256$150000$jl0fDGw3x8ti$m9N7dikVqbEgFmefaiF7mqCvbMi1c8+HazUcoJRnL10=',NULL,0,'muni_las_cabras','MUNICIPALIDAD DE','LAS CABRAS','muni_las_cabras@gmail.com',0,1,'2019-06-01 00:00:00.000000',0,1),(141,'pbkdf2_sha256$150000$jl0fDGw3x8ti$m9N7dikVqbEgFmefaiF7mqCvbMi1c8+HazUcoJRnL10=',NULL,0,'muni_machali','MUNICIPALIDAD DE','MACHALÍ','muni_machali@gmail.com',0,1,'2019-06-01 00:00:00.000000',0,1),(142,'pbkdf2_sha256$150000$jl0fDGw3x8ti$m9N7dikVqbEgFmefaiF7mqCvbMi1c8+HazUcoJRnL10=',NULL,0,'muni_malloa','MUNICIPALIDAD DE','MALLOA','muni_malloa@gmail.com',0,1,'2019-06-01 00:00:00.000000',0,1),(143,'pbkdf2_sha256$150000$jl0fDGw3x8ti$m9N7dikVqbEgFmefaiF7mqCvbMi1c8+HazUcoJRnL10=',NULL,0,'muni_san_francisco_de_mostazal','MUNICIPALIDAD DE','SAN FRANCISCO DE MOSTAZAL','muni_san_francisco_de_mostazal@gmail.com',0,1,'2019-06-01 00:00:00.000000',0,1),(144,'pbkdf2_sha256$150000$jl0fDGw3x8ti$m9N7dikVqbEgFmefaiF7mqCvbMi1c8+HazUcoJRnL10=',NULL,0,'muni_olivar','MUNICIPALIDAD DE','OLIVAR','muni_olivar@gmail.com',0,1,'2019-06-01 00:00:00.000000',0,1),(145,'pbkdf2_sha256$150000$jl0fDGw3x8ti$m9N7dikVqbEgFmefaiF7mqCvbMi1c8+HazUcoJRnL10=',NULL,0,'muni_peumo','MUNICIPALIDAD DE','PEUMO','muni_peumo@gmail.com',0,1,'2019-06-01 00:00:00.000000',0,1),(146,'pbkdf2_sha256$150000$jl0fDGw3x8ti$m9N7dikVqbEgFmefaiF7mqCvbMi1c8+HazUcoJRnL10=',NULL,0,'muni_pichidegua','MUNICIPALIDAD DE','PICHIDEGUA','muni_pichidegua@gmail.com',0,1,'2019-06-01 00:00:00.000000',0,1),(147,'pbkdf2_sha256$150000$jl0fDGw3x8ti$m9N7dikVqbEgFmefaiF7mqCvbMi1c8+HazUcoJRnL10=',NULL,0,'muni_quinta_de_tilcoco','MUNICIPALIDAD DE','QUINTA DE TILCOCO','muni_quinta_de_tilcoco@gmail.com',0,1,'2019-06-01 00:00:00.000000',0,1),(148,'pbkdf2_sha256$150000$jl0fDGw3x8ti$m9N7dikVqbEgFmefaiF7mqCvbMi1c8+HazUcoJRnL10=',NULL,0,'muni_rengo','MUNICIPALIDAD DE','RENGO','muni_rengo@gmail.com',0,1,'2019-06-01 00:00:00.000000',0,1),(149,'pbkdf2_sha256$150000$jl0fDGw3x8ti$m9N7dikVqbEgFmefaiF7mqCvbMi1c8+HazUcoJRnL10=',NULL,0,'muni_requinoa','MUNICIPALIDAD DE','REQUÍNOA','muni_requinoa@gmail.com',0,1,'2019-06-01 00:00:00.000000',0,1),(150,'pbkdf2_sha256$150000$jl0fDGw3x8ti$m9N7dikVqbEgFmefaiF7mqCvbMi1c8+HazUcoJRnL10=',NULL,0,'muni_san_vicente_de_tagua_tagua','MUNICIPALIDAD DE','SAN VICENTE DE TAGUA TAGUA','muni_san_vicente_de_tagua_tagua@gmail.com',0,1,'2019-06-01 00:00:00.000000',0,1),(151,'pbkdf2_sha256$150000$jl0fDGw3x8ti$m9N7dikVqbEgFmefaiF7mqCvbMi1c8+HazUcoJRnL10=',NULL,0,'muni_pichilemu','MUNICIPALIDAD DE','PICHILEMU','muni_pichilemu@gmail.com',0,1,'2019-06-01 00:00:00.000000',0,1),(152,'pbkdf2_sha256$150000$jl0fDGw3x8ti$m9N7dikVqbEgFmefaiF7mqCvbMi1c8+HazUcoJRnL10=',NULL,0,'muni_la_estrella','MUNICIPALIDAD DE','LA ESTRELLA','muni_la_estrella@gmail.com',0,1,'2019-06-01 00:00:00.000000',0,1),(153,'pbkdf2_sha256$150000$jl0fDGw3x8ti$m9N7dikVqbEgFmefaiF7mqCvbMi1c8+HazUcoJRnL10=',NULL,0,'muni_litueche','MUNICIPALIDAD DE','LITUECHE','muni_litueche@gmail.com',0,1,'2019-06-01 00:00:00.000000',0,1),(154,'pbkdf2_sha256$150000$jl0fDGw3x8ti$m9N7dikVqbEgFmefaiF7mqCvbMi1c8+HazUcoJRnL10=',NULL,0,'muni_marchihue','MUNICIPALIDAD DE','MARCHIHUE','muni_marchihue@gmail.com',0,1,'2019-06-01 00:00:00.000000',0,1),(155,'pbkdf2_sha256$150000$jl0fDGw3x8ti$m9N7dikVqbEgFmefaiF7mqCvbMi1c8+HazUcoJRnL10=',NULL,0,'muni_navidad','MUNICIPALIDAD DE','NAVIDAD','muni_navidad@gmail.com',0,1,'2019-06-01 00:00:00.000000',0,1),(156,'pbkdf2_sha256$150000$jl0fDGw3x8ti$m9N7dikVqbEgFmefaiF7mqCvbMi1c8+HazUcoJRnL10=',NULL,0,'muni_paredones','MUNICIPALIDAD DE','PAREDONES','muni_paredones@gmail.com',0,1,'2019-06-01 00:00:00.000000',0,1),(157,'pbkdf2_sha256$150000$jl0fDGw3x8ti$m9N7dikVqbEgFmefaiF7mqCvbMi1c8+HazUcoJRnL10=',NULL,0,'muni_san_fernando','MUNICIPALIDAD DE','SAN FERNANDO','muni_san_fernando@gmail.com',0,1,'2019-06-01 00:00:00.000000',0,1),(158,'pbkdf2_sha256$150000$jl0fDGw3x8ti$m9N7dikVqbEgFmefaiF7mqCvbMi1c8+HazUcoJRnL10=',NULL,0,'muni_chepica','MUNICIPALIDAD DE','CHÉPICA','muni_chepica@gmail.com',0,1,'2019-06-01 00:00:00.000000',0,1),(159,'pbkdf2_sha256$150000$jl0fDGw3x8ti$m9N7dikVqbEgFmefaiF7mqCvbMi1c8+HazUcoJRnL10=',NULL,0,'muni_chimbarongo','MUNICIPALIDAD DE','CHIMBARONGO','muni_chimbarongo@gmail.com',0,1,'2019-06-01 00:00:00.000000',0,1),(160,'pbkdf2_sha256$150000$jl0fDGw3x8ti$m9N7dikVqbEgFmefaiF7mqCvbMi1c8+HazUcoJRnL10=',NULL,0,'muni_lolol','MUNICIPALIDAD DE','LOLOL','muni_lolol@gmail.com',0,1,'2019-06-01 00:00:00.000000',0,1),(161,'pbkdf2_sha256$150000$jl0fDGw3x8ti$m9N7dikVqbEgFmefaiF7mqCvbMi1c8+HazUcoJRnL10=',NULL,0,'muni_nancagua','MUNICIPALIDAD DE','NANCAGUA','muni_nancagua@gmail.com',0,1,'2019-06-01 00:00:00.000000',0,1),(162,'pbkdf2_sha256$150000$jl0fDGw3x8ti$m9N7dikVqbEgFmefaiF7mqCvbMi1c8+HazUcoJRnL10=',NULL,0,'muni_palmilla','MUNICIPALIDAD DE','PALMILLA','muni_palmilla@gmail.com',0,1,'2019-06-01 00:00:00.000000',0,1),(163,'pbkdf2_sha256$150000$jl0fDGw3x8ti$m9N7dikVqbEgFmefaiF7mqCvbMi1c8+HazUcoJRnL10=',NULL,0,'muni_peralillo','MUNICIPALIDAD DE','PERALILLO','muni_peralillo@gmail.com',0,1,'2019-06-01 00:00:00.000000',0,1),(164,'pbkdf2_sha256$150000$jl0fDGw3x8ti$m9N7dikVqbEgFmefaiF7mqCvbMi1c8+HazUcoJRnL10=',NULL,0,'muni_placilla','MUNICIPALIDAD DE','PLACILLA','muni_placilla@gmail.com',0,1,'2019-06-01 00:00:00.000000',0,1),(165,'pbkdf2_sha256$150000$jl0fDGw3x8ti$m9N7dikVqbEgFmefaiF7mqCvbMi1c8+HazUcoJRnL10=',NULL,0,'muni_pumanque','MUNICIPALIDAD DE','PUMANQUE','muni_pumanque@gmail.com',0,1,'2019-06-01 00:00:00.000000',0,1),(166,'pbkdf2_sha256$150000$jl0fDGw3x8ti$m9N7dikVqbEgFmefaiF7mqCvbMi1c8+HazUcoJRnL10=',NULL,0,'muni_santa_cruz','MUNICIPALIDAD DE','SANTA CRUZ','muni_santa_cruz@gmail.com',0,1,'2019-06-01 00:00:00.000000',0,1),(167,'pbkdf2_sha256$150000$jl0fDGw3x8ti$m9N7dikVqbEgFmefaiF7mqCvbMi1c8+HazUcoJRnL10=',NULL,0,'muni_talca','MUNICIPALIDAD DE','TALCA','muni_talca@gmail.com',0,1,'2019-06-01 00:00:00.000000',0,1),(168,'pbkdf2_sha256$150000$jl0fDGw3x8ti$m9N7dikVqbEgFmefaiF7mqCvbMi1c8+HazUcoJRnL10=',NULL,0,'muni_constitucion','MUNICIPALIDAD DE','CONSTITUCIÓN','muni_constitucion@gmail.com',0,1,'2019-06-01 00:00:00.000000',0,1),(169,'pbkdf2_sha256$150000$jl0fDGw3x8ti$m9N7dikVqbEgFmefaiF7mqCvbMi1c8+HazUcoJRnL10=',NULL,0,'muni_curepto','MUNICIPALIDAD DE','CUREPTO','muni_curepto@gmail.com',0,1,'2019-06-01 00:00:00.000000',0,1),(170,'pbkdf2_sha256$150000$jl0fDGw3x8ti$m9N7dikVqbEgFmefaiF7mqCvbMi1c8+HazUcoJRnL10=',NULL,0,'muni_empedrado','MUNICIPALIDAD DE','EMPEDRADO','muni_empedrado@gmail.com',0,1,'2019-06-01 00:00:00.000000',0,1),(171,'pbkdf2_sha256$150000$jl0fDGw3x8ti$m9N7dikVqbEgFmefaiF7mqCvbMi1c8+HazUcoJRnL10=',NULL,0,'muni_maule','MUNICIPALIDAD DE','MAULE','muni_maule@gmail.com',0,1,'2019-06-01 00:00:00.000000',0,1),(172,'pbkdf2_sha256$150000$jl0fDGw3x8ti$m9N7dikVqbEgFmefaiF7mqCvbMi1c8+HazUcoJRnL10=',NULL,0,'muni_pelarco','MUNICIPALIDAD DE','PELARCO','muni_pelarco@gmail.com',0,1,'2019-06-01 00:00:00.000000',0,1),(173,'pbkdf2_sha256$150000$jl0fDGw3x8ti$m9N7dikVqbEgFmefaiF7mqCvbMi1c8+HazUcoJRnL10=',NULL,0,'muni_pencahue','MUNICIPALIDAD DE','PENCAHUE','muni_pencahue@gmail.com',0,1,'2019-06-01 00:00:00.000000',0,1),(174,'pbkdf2_sha256$150000$jl0fDGw3x8ti$m9N7dikVqbEgFmefaiF7mqCvbMi1c8+HazUcoJRnL10=',NULL,0,'muni_rio_claro','MUNICIPALIDAD DE','RÍO CLARO','muni_rio_claro@gmail.com',0,1,'2019-06-01 00:00:00.000000',0,1),(175,'pbkdf2_sha256$150000$jl0fDGw3x8ti$m9N7dikVqbEgFmefaiF7mqCvbMi1c8+HazUcoJRnL10=',NULL,0,'muni_san_clemente','MUNICIPALIDAD DE','SAN CLEMENTE','muni_san_clemente@gmail.com',0,1,'2019-06-01 00:00:00.000000',0,1),(176,'pbkdf2_sha256$150000$jl0fDGw3x8ti$m9N7dikVqbEgFmefaiF7mqCvbMi1c8+HazUcoJRnL10=',NULL,0,'muni_san_rafael','MUNICIPALIDAD DE','SAN RAFAEL','muni_san_rafael@gmail.com',0,1,'2019-06-01 00:00:00.000000',0,1),(177,'pbkdf2_sha256$150000$jl0fDGw3x8ti$m9N7dikVqbEgFmefaiF7mqCvbMi1c8+HazUcoJRnL10=',NULL,0,'muni_cauquenes','MUNICIPALIDAD DE','CAUQUENES','muni_cauquenes@gmail.com',0,1,'2019-06-01 00:00:00.000000',0,1),(178,'pbkdf2_sha256$150000$jl0fDGw3x8ti$m9N7dikVqbEgFmefaiF7mqCvbMi1c8+HazUcoJRnL10=',NULL,0,'muni_chanco','MUNICIPALIDAD DE','CHANCO','muni_chanco@gmail.com',0,1,'2019-06-01 00:00:00.000000',0,1),(179,'pbkdf2_sha256$150000$jl0fDGw3x8ti$m9N7dikVqbEgFmefaiF7mqCvbMi1c8+HazUcoJRnL10=',NULL,0,'muni_pelluhue','MUNICIPALIDAD DE','PELLUHUE','muni_pelluhue@gmail.com',0,1,'2019-06-01 00:00:00.000000',0,1),(180,'pbkdf2_sha256$150000$jl0fDGw3x8ti$m9N7dikVqbEgFmefaiF7mqCvbMi1c8+HazUcoJRnL10=',NULL,0,'muni_curico','MUNICIPALIDAD DE','CURICÓ','muni_curico@gmail.com',0,1,'2019-06-01 00:00:00.000000',0,1),(181,'pbkdf2_sha256$150000$jl0fDGw3x8ti$m9N7dikVqbEgFmefaiF7mqCvbMi1c8+HazUcoJRnL10=',NULL,0,'muni_hualañe','MUNICIPALIDAD DE','HUALAÑÉ','muni_hualañe@gmail.com',0,1,'2019-06-01 00:00:00.000000',0,1),(182,'pbkdf2_sha256$150000$jl0fDGw3x8ti$m9N7dikVqbEgFmefaiF7mqCvbMi1c8+HazUcoJRnL10=',NULL,0,'muni_licanten','MUNICIPALIDAD DE','LICANTÉN','muni_licanten@gmail.com',0,1,'2019-06-01 00:00:00.000000',0,1),(183,'pbkdf2_sha256$150000$jl0fDGw3x8ti$m9N7dikVqbEgFmefaiF7mqCvbMi1c8+HazUcoJRnL10=',NULL,0,'muni_molina','MUNICIPALIDAD DE','MOLINA','muni_molina@gmail.com',0,1,'2019-06-01 00:00:00.000000',0,1),(184,'pbkdf2_sha256$150000$jl0fDGw3x8ti$m9N7dikVqbEgFmefaiF7mqCvbMi1c8+HazUcoJRnL10=',NULL,0,'muni_rauco','MUNICIPALIDAD DE','RAUCO','muni_rauco@gmail.com',0,1,'2019-06-01 00:00:00.000000',0,1),(185,'pbkdf2_sha256$150000$jl0fDGw3x8ti$m9N7dikVqbEgFmefaiF7mqCvbMi1c8+HazUcoJRnL10=',NULL,0,'muni_romeral','MUNICIPALIDAD DE','ROMERAL','muni_romeral@gmail.com',0,1,'2019-06-01 00:00:00.000000',0,1),(186,'pbkdf2_sha256$150000$jl0fDGw3x8ti$m9N7dikVqbEgFmefaiF7mqCvbMi1c8+HazUcoJRnL10=',NULL,0,'muni_sagrada_familia','MUNICIPALIDAD DE','SAGRADA FAMILIA','muni_sagrada_familia@gmail.com',0,1,'2019-06-01 00:00:00.000000',0,1),(187,'pbkdf2_sha256$150000$jl0fDGw3x8ti$m9N7dikVqbEgFmefaiF7mqCvbMi1c8+HazUcoJRnL10=',NULL,0,'muni_teno','MUNICIPALIDAD DE','TENO','muni_teno@gmail.com',0,1,'2019-06-01 00:00:00.000000',0,1),(188,'pbkdf2_sha256$150000$jl0fDGw3x8ti$m9N7dikVqbEgFmefaiF7mqCvbMi1c8+HazUcoJRnL10=',NULL,0,'muni_vichuquen','MUNICIPALIDAD DE','VICHUQUÉN','muni_vichuquen@gmail.com',0,1,'2019-06-01 00:00:00.000000',0,1),(189,'pbkdf2_sha256$150000$jl0fDGw3x8ti$m9N7dikVqbEgFmefaiF7mqCvbMi1c8+HazUcoJRnL10=',NULL,0,'muni_linares','MUNICIPALIDAD DE','LINARES','muni_linares@gmail.com',0,1,'2019-06-01 00:00:00.000000',0,1),(190,'pbkdf2_sha256$150000$jl0fDGw3x8ti$m9N7dikVqbEgFmefaiF7mqCvbMi1c8+HazUcoJRnL10=',NULL,0,'muni_colbun','MUNICIPALIDAD DE','COLBÚN','muni_colbun@gmail.com',0,1,'2019-06-01 00:00:00.000000',0,1),(191,'pbkdf2_sha256$150000$jl0fDGw3x8ti$m9N7dikVqbEgFmefaiF7mqCvbMi1c8+HazUcoJRnL10=',NULL,0,'muni_longavi','MUNICIPALIDAD DE','LONGAVÍ','muni_longavi@gmail.com',0,1,'2019-06-01 00:00:00.000000',0,1),(192,'pbkdf2_sha256$150000$jl0fDGw3x8ti$m9N7dikVqbEgFmefaiF7mqCvbMi1c8+HazUcoJRnL10=',NULL,0,'muni_parral','MUNICIPALIDAD DE','PARRAL','muni_parral@gmail.com',0,1,'2019-06-01 00:00:00.000000',0,1),(193,'pbkdf2_sha256$150000$jl0fDGw3x8ti$m9N7dikVqbEgFmefaiF7mqCvbMi1c8+HazUcoJRnL10=',NULL,0,'muni_retiro','MUNICIPALIDAD DE','RETIRO','muni_retiro@gmail.com',0,1,'2019-06-01 00:00:00.000000',0,1),(194,'pbkdf2_sha256$150000$jl0fDGw3x8ti$m9N7dikVqbEgFmefaiF7mqCvbMi1c8+HazUcoJRnL10=',NULL,0,'muni_san_javier_de_loncomilla','MUNICIPALIDAD DE','SAN JAVIER DE LONCOMILLA','muni_san_javier_de_loncomilla@gmail.com',0,1,'2019-06-01 00:00:00.000000',0,1),(195,'pbkdf2_sha256$150000$jl0fDGw3x8ti$m9N7dikVqbEgFmefaiF7mqCvbMi1c8+HazUcoJRnL10=',NULL,0,'muni_villa_alegre','MUNICIPALIDAD DE','VILLA ALEGRE','muni_villa_alegre@gmail.com',0,1,'2019-06-01 00:00:00.000000',0,1),(196,'pbkdf2_sha256$150000$jl0fDGw3x8ti$m9N7dikVqbEgFmefaiF7mqCvbMi1c8+HazUcoJRnL10=',NULL,0,'muni_yerbas_buenas','MUNICIPALIDAD DE','YERBAS BUENAS','muni_yerbas_buenas@gmail.com',0,1,'2019-06-01 00:00:00.000000',0,1),(197,'pbkdf2_sha256$150000$jl0fDGw3x8ti$m9N7dikVqbEgFmefaiF7mqCvbMi1c8+HazUcoJRnL10=',NULL,0,'muni_concepcion','MUNICIPALIDAD DE','CONCEPCIÓN','muni_concepcion@gmail.com',0,1,'2019-06-01 00:00:00.000000',0,1),(198,'pbkdf2_sha256$150000$jl0fDGw3x8ti$m9N7dikVqbEgFmefaiF7mqCvbMi1c8+HazUcoJRnL10=',NULL,0,'muni_coronel','MUNICIPALIDAD DE','CORONEL','muni_coronel@gmail.com',0,1,'2019-06-01 00:00:00.000000',0,1),(199,'pbkdf2_sha256$150000$jl0fDGw3x8ti$m9N7dikVqbEgFmefaiF7mqCvbMi1c8+HazUcoJRnL10=',NULL,0,'muni_chiguayante','MUNICIPALIDAD DE','CHIGUAYANTE','muni_chiguayante@gmail.com',0,1,'2019-06-01 00:00:00.000000',0,1),(200,'pbkdf2_sha256$150000$jl0fDGw3x8ti$m9N7dikVqbEgFmefaiF7mqCvbMi1c8+HazUcoJRnL10=',NULL,0,'muni_florida','MUNICIPALIDAD DE','FLORIDA','muni_florida@gmail.com',0,1,'2019-06-01 00:00:00.000000',0,1),(201,'pbkdf2_sha256$150000$jl0fDGw3x8ti$m9N7dikVqbEgFmefaiF7mqCvbMi1c8+HazUcoJRnL10=','2019-06-01 23:34:47.193276',0,'muni_hualqui','MUNICIPALIDAD DE','HUALQUI','muni_hualqui@gmail.com',0,1,'2019-06-01 00:00:00.000000',0,1),(202,'pbkdf2_sha256$150000$jl0fDGw3x8ti$m9N7dikVqbEgFmefaiF7mqCvbMi1c8+HazUcoJRnL10=',NULL,0,'muni_lota','MUNICIPALIDAD DE','LOTA','muni_lota@gmail.com',0,1,'2019-06-01 00:00:00.000000',0,1),(203,'pbkdf2_sha256$150000$jl0fDGw3x8ti$m9N7dikVqbEgFmefaiF7mqCvbMi1c8+HazUcoJRnL10=','2019-06-01 21:52:04.049543',0,'muni_penco','MUNICIPALIDAD DE','PENCO','muni_penco@gmail.com',0,1,'2019-06-01 00:00:00.000000',0,1),(204,'pbkdf2_sha256$150000$jl0fDGw3x8ti$m9N7dikVqbEgFmefaiF7mqCvbMi1c8+HazUcoJRnL10=',NULL,0,'muni_san_pedro_de_la_paz','MUNICIPALIDAD DE','SAN PEDRO DE LA PAZ','muni_san_pedro_de_la_paz@gmail.com',0,1,'2019-06-01 00:00:00.000000',0,1),(205,'pbkdf2_sha256$150000$jl0fDGw3x8ti$m9N7dikVqbEgFmefaiF7mqCvbMi1c8+HazUcoJRnL10=',NULL,0,'muni_santa_juana','MUNICIPALIDAD DE','SANTA JUANA','muni_santa_juana@gmail.com',0,1,'2019-06-01 00:00:00.000000',0,1),(206,'pbkdf2_sha256$150000$jl0fDGw3x8ti$m9N7dikVqbEgFmefaiF7mqCvbMi1c8+HazUcoJRnL10=',NULL,0,'muni_tome','MUNICIPALIDAD DE','TOMÉ','muni_tome@gmail.com',0,1,'2019-06-01 00:00:00.000000',0,1),(207,'pbkdf2_sha256$150000$jl0fDGw3x8ti$m9N7dikVqbEgFmefaiF7mqCvbMi1c8+HazUcoJRnL10=',NULL,0,'muni_hualpen','MUNICIPALIDAD DE','HUALPÉN','muni_hualpen@gmail.com',0,1,'2019-06-01 00:00:00.000000',0,1),(208,'pbkdf2_sha256$150000$jl0fDGw3x8ti$m9N7dikVqbEgFmefaiF7mqCvbMi1c8+HazUcoJRnL10=',NULL,0,'muni_lebu','MUNICIPALIDAD DE','LEBU','muni_lebu@gmail.com',0,1,'2019-06-01 00:00:00.000000',0,1),(209,'pbkdf2_sha256$150000$jl0fDGw3x8ti$m9N7dikVqbEgFmefaiF7mqCvbMi1c8+HazUcoJRnL10=',NULL,0,'muni_arauco','MUNICIPALIDAD DE','ARAUCO','muni_arauco@gmail.com',0,1,'2019-06-01 00:00:00.000000',0,1),(210,'pbkdf2_sha256$150000$jl0fDGw3x8ti$m9N7dikVqbEgFmefaiF7mqCvbMi1c8+HazUcoJRnL10=',NULL,0,'muni_cañete','MUNICIPALIDAD DE','CAÑETE','muni_cañete@gmail.com',0,1,'2019-06-01 00:00:00.000000',0,1),(211,'pbkdf2_sha256$150000$jl0fDGw3x8ti$m9N7dikVqbEgFmefaiF7mqCvbMi1c8+HazUcoJRnL10=',NULL,0,'muni_contulmo','MUNICIPALIDAD DE','CONTULMO','muni_contulmo@gmail.com',0,1,'2019-06-01 00:00:00.000000',0,1),(212,'pbkdf2_sha256$150000$jl0fDGw3x8ti$m9N7dikVqbEgFmefaiF7mqCvbMi1c8+HazUcoJRnL10=',NULL,0,'muni_curanilahue','MUNICIPALIDAD DE','CURANILAHUE','muni_curanilahue@gmail.com',0,1,'2019-06-01 00:00:00.000000',0,1),(213,'pbkdf2_sha256$150000$jl0fDGw3x8ti$m9N7dikVqbEgFmefaiF7mqCvbMi1c8+HazUcoJRnL10=',NULL,0,'muni_los_álamos','MUNICIPALIDAD DE','LOS ÁLAMOS','muni_los_álamos@gmail.com',0,1,'2019-06-01 00:00:00.000000',0,1),(214,'pbkdf2_sha256$150000$jl0fDGw3x8ti$m9N7dikVqbEgFmefaiF7mqCvbMi1c8+HazUcoJRnL10=',NULL,0,'muni_tirua','MUNICIPALIDAD DE','TIRÚA','muni_tirua@gmail.com',0,1,'2019-06-01 00:00:00.000000',0,1),(215,'pbkdf2_sha256$150000$jl0fDGw3x8ti$m9N7dikVqbEgFmefaiF7mqCvbMi1c8+HazUcoJRnL10=',NULL,0,'muni_los_ángeles','MUNICIPALIDAD DE','LOS ÁNGELES','muni_los_ángeles@gmail.com',0,1,'2019-06-01 00:00:00.000000',0,1),(216,'pbkdf2_sha256$150000$jl0fDGw3x8ti$m9N7dikVqbEgFmefaiF7mqCvbMi1c8+HazUcoJRnL10=',NULL,0,'muni_antuco','MUNICIPALIDAD DE','ANTUCO','muni_antuco@gmail.com',0,1,'2019-06-01 00:00:00.000000',0,1),(217,'pbkdf2_sha256$150000$jl0fDGw3x8ti$m9N7dikVqbEgFmefaiF7mqCvbMi1c8+HazUcoJRnL10=',NULL,0,'muni_cabrero','MUNICIPALIDAD DE','CABRERO','muni_cabrero@gmail.com',0,1,'2019-06-01 00:00:00.000000',0,1),(218,'pbkdf2_sha256$150000$jl0fDGw3x8ti$m9N7dikVqbEgFmefaiF7mqCvbMi1c8+HazUcoJRnL10=',NULL,0,'muni_laja','MUNICIPALIDAD DE','LAJA','muni_laja@gmail.com',0,1,'2019-06-01 00:00:00.000000',0,1),(219,'pbkdf2_sha256$150000$jl0fDGw3x8ti$m9N7dikVqbEgFmefaiF7mqCvbMi1c8+HazUcoJRnL10=',NULL,0,'muni_mulchen','MUNICIPALIDAD DE','MULCHÉN','muni_mulchen@gmail.com',0,1,'2019-06-01 00:00:00.000000',0,1),(220,'pbkdf2_sha256$150000$jl0fDGw3x8ti$m9N7dikVqbEgFmefaiF7mqCvbMi1c8+HazUcoJRnL10=',NULL,0,'muni_nacimiento','MUNICIPALIDAD DE','NACIMIENTO','muni_nacimiento@gmail.com',0,1,'2019-06-01 00:00:00.000000',0,1),(221,'pbkdf2_sha256$150000$jl0fDGw3x8ti$m9N7dikVqbEgFmefaiF7mqCvbMi1c8+HazUcoJRnL10=',NULL,0,'muni_negrete','MUNICIPALIDAD DE','NEGRETE','muni_negrete@gmail.com',0,1,'2019-06-01 00:00:00.000000',0,1),(222,'pbkdf2_sha256$150000$jl0fDGw3x8ti$m9N7dikVqbEgFmefaiF7mqCvbMi1c8+HazUcoJRnL10=',NULL,0,'muni_quilaco','MUNICIPALIDAD DE','QUILACO','muni_quilaco@gmail.com',0,1,'2019-06-01 00:00:00.000000',0,1),(223,'pbkdf2_sha256$150000$jl0fDGw3x8ti$m9N7dikVqbEgFmefaiF7mqCvbMi1c8+HazUcoJRnL10=',NULL,0,'muni_quilleco','MUNICIPALIDAD DE','QUILLECO','muni_quilleco@gmail.com',0,1,'2019-06-01 00:00:00.000000',0,1),(224,'pbkdf2_sha256$150000$jl0fDGw3x8ti$m9N7dikVqbEgFmefaiF7mqCvbMi1c8+HazUcoJRnL10=',NULL,0,'muni_san_rosendo','MUNICIPALIDAD DE','SAN ROSENDO','muni_san_rosendo@gmail.com',0,1,'2019-06-01 00:00:00.000000',0,1),(225,'pbkdf2_sha256$150000$jl0fDGw3x8ti$m9N7dikVqbEgFmefaiF7mqCvbMi1c8+HazUcoJRnL10=',NULL,0,'muni_santa_barbara','MUNICIPALIDAD DE','SANTA BÁRBARA','muni_santa_barbara@gmail.com',0,1,'2019-06-01 00:00:00.000000',0,1),(226,'pbkdf2_sha256$150000$jl0fDGw3x8ti$m9N7dikVqbEgFmefaiF7mqCvbMi1c8+HazUcoJRnL10=',NULL,0,'muni_tucapel','MUNICIPALIDAD DE','TUCAPEL','muni_tucapel@gmail.com',0,1,'2019-06-01 00:00:00.000000',0,1),(227,'pbkdf2_sha256$150000$jl0fDGw3x8ti$m9N7dikVqbEgFmefaiF7mqCvbMi1c8+HazUcoJRnL10=',NULL,0,'muni_yumbel','MUNICIPALIDAD DE','YUMBEL','muni_yumbel@gmail.com',0,1,'2019-06-01 00:00:00.000000',0,1),(228,'pbkdf2_sha256$150000$jl0fDGw3x8ti$m9N7dikVqbEgFmefaiF7mqCvbMi1c8+HazUcoJRnL10=',NULL,0,'muni_alto_biobio','MUNICIPALIDAD DE','ALTO BIOBÍO','muni_alto_biobio@gmail.com',0,1,'2019-06-01 00:00:00.000000',0,1),(229,'pbkdf2_sha256$150000$jl0fDGw3x8ti$m9N7dikVqbEgFmefaiF7mqCvbMi1c8+HazUcoJRnL10=',NULL,0,'muni_temuco','MUNICIPALIDAD DE','TEMUCO','muni_temuco@gmail.com',0,1,'2019-06-01 00:00:00.000000',0,1),(230,'pbkdf2_sha256$150000$jl0fDGw3x8ti$m9N7dikVqbEgFmefaiF7mqCvbMi1c8+HazUcoJRnL10=',NULL,0,'muni_carahue','MUNICIPALIDAD DE','CARAHUE','muni_carahue@gmail.com',0,1,'2019-06-01 00:00:00.000000',0,1),(231,'pbkdf2_sha256$150000$jl0fDGw3x8ti$m9N7dikVqbEgFmefaiF7mqCvbMi1c8+HazUcoJRnL10=',NULL,0,'muni_cunco','MUNICIPALIDAD DE','CUNCO','muni_cunco@gmail.com',0,1,'2019-06-01 00:00:00.000000',0,1),(232,'pbkdf2_sha256$150000$jl0fDGw3x8ti$m9N7dikVqbEgFmefaiF7mqCvbMi1c8+HazUcoJRnL10=',NULL,0,'muni_curarrehue','MUNICIPALIDAD DE','CURARREHUE','muni_curarrehue@gmail.com',0,1,'2019-06-01 00:00:00.000000',0,1),(233,'pbkdf2_sha256$150000$jl0fDGw3x8ti$m9N7dikVqbEgFmefaiF7mqCvbMi1c8+HazUcoJRnL10=',NULL,0,'muni_freire','MUNICIPALIDAD DE','FREIRE','muni_freire@gmail.com',0,1,'2019-06-01 00:00:00.000000',0,1),(234,'pbkdf2_sha256$150000$jl0fDGw3x8ti$m9N7dikVqbEgFmefaiF7mqCvbMi1c8+HazUcoJRnL10=',NULL,0,'muni_galvarino','MUNICIPALIDAD DE','GALVARINO','muni_galvarino@gmail.com',0,1,'2019-06-01 00:00:00.000000',0,1),(235,'pbkdf2_sha256$150000$jl0fDGw3x8ti$m9N7dikVqbEgFmefaiF7mqCvbMi1c8+HazUcoJRnL10=',NULL,0,'muni_gorbea','MUNICIPALIDAD DE','GORBEA','muni_gorbea@gmail.com',0,1,'2019-06-01 00:00:00.000000',0,1),(236,'pbkdf2_sha256$150000$jl0fDGw3x8ti$m9N7dikVqbEgFmefaiF7mqCvbMi1c8+HazUcoJRnL10=',NULL,0,'muni_lautaro','MUNICIPALIDAD DE','LAUTARO','muni_lautaro@gmail.com',0,1,'2019-06-01 00:00:00.000000',0,1),(237,'pbkdf2_sha256$150000$jl0fDGw3x8ti$m9N7dikVqbEgFmefaiF7mqCvbMi1c8+HazUcoJRnL10=',NULL,0,'muni_loncoche','MUNICIPALIDAD DE','LONCOCHE','muni_loncoche@gmail.com',0,1,'2019-06-01 00:00:00.000000',0,1),(238,'pbkdf2_sha256$150000$jl0fDGw3x8ti$m9N7dikVqbEgFmefaiF7mqCvbMi1c8+HazUcoJRnL10=',NULL,0,'muni_melipeuco','MUNICIPALIDAD DE','MELIPEUCO','muni_melipeuco@gmail.com',0,1,'2019-06-01 00:00:00.000000',0,1),(239,'pbkdf2_sha256$150000$jl0fDGw3x8ti$m9N7dikVqbEgFmefaiF7mqCvbMi1c8+HazUcoJRnL10=',NULL,0,'muni_nueva_imperial','MUNICIPALIDAD DE','NUEVA IMPERIAL','muni_nueva_imperial@gmail.com',0,1,'2019-06-01 00:00:00.000000',0,1),(240,'pbkdf2_sha256$150000$jl0fDGw3x8ti$m9N7dikVqbEgFmefaiF7mqCvbMi1c8+HazUcoJRnL10=',NULL,0,'muni_padre_las_casas','MUNICIPALIDAD DE','PADRE LAS CASAS','muni_padre_las_casas@gmail.com',0,1,'2019-06-01 00:00:00.000000',0,1),(241,'pbkdf2_sha256$150000$jl0fDGw3x8ti$m9N7dikVqbEgFmefaiF7mqCvbMi1c8+HazUcoJRnL10=',NULL,0,'muni_perquenco','MUNICIPALIDAD DE','PERQUENCO','muni_perquenco@gmail.com',0,1,'2019-06-01 00:00:00.000000',0,1),(242,'pbkdf2_sha256$150000$jl0fDGw3x8ti$m9N7dikVqbEgFmefaiF7mqCvbMi1c8+HazUcoJRnL10=',NULL,0,'muni_pitrufquen','MUNICIPALIDAD DE','PITRUFQUÉN','muni_pitrufquen@gmail.com',0,1,'2019-06-01 00:00:00.000000',0,1),(243,'pbkdf2_sha256$150000$jl0fDGw3x8ti$m9N7dikVqbEgFmefaiF7mqCvbMi1c8+HazUcoJRnL10=',NULL,0,'muni_pucon','MUNICIPALIDAD DE','PUCÓN','muni_pucon@gmail.com',0,1,'2019-06-01 00:00:00.000000',0,1),(244,'pbkdf2_sha256$150000$jl0fDGw3x8ti$m9N7dikVqbEgFmefaiF7mqCvbMi1c8+HazUcoJRnL10=',NULL,0,'muni_saavedra','MUNICIPALIDAD DE','SAAVEDRA','muni_saavedra@gmail.com',0,1,'2019-06-01 00:00:00.000000',0,1),(245,'pbkdf2_sha256$150000$jl0fDGw3x8ti$m9N7dikVqbEgFmefaiF7mqCvbMi1c8+HazUcoJRnL10=',NULL,0,'muni_teodoro_schmidt','MUNICIPALIDAD DE','TEODORO SCHMIDT','muni_teodoro_schmidt@gmail.com',0,1,'2019-06-01 00:00:00.000000',0,1),(246,'pbkdf2_sha256$150000$jl0fDGw3x8ti$m9N7dikVqbEgFmefaiF7mqCvbMi1c8+HazUcoJRnL10=',NULL,0,'muni_tolten','MUNICIPALIDAD DE','TOLTÉN','muni_tolten@gmail.com',0,1,'2019-06-01 00:00:00.000000',0,1),(247,'pbkdf2_sha256$150000$jl0fDGw3x8ti$m9N7dikVqbEgFmefaiF7mqCvbMi1c8+HazUcoJRnL10=',NULL,0,'muni_vilcun','MUNICIPALIDAD DE','VILCÚN','muni_vilcun@gmail.com',0,1,'2019-06-01 00:00:00.000000',0,1),(248,'pbkdf2_sha256$150000$jl0fDGw3x8ti$m9N7dikVqbEgFmefaiF7mqCvbMi1c8+HazUcoJRnL10=',NULL,0,'muni_villarrica','MUNICIPALIDAD DE','VILLARRICA','muni_villarrica@gmail.com',0,1,'2019-06-01 00:00:00.000000',0,1),(249,'pbkdf2_sha256$150000$jl0fDGw3x8ti$m9N7dikVqbEgFmefaiF7mqCvbMi1c8+HazUcoJRnL10=',NULL,0,'muni_cholchol','MUNICIPALIDAD DE','CHOLCHOL','muni_cholchol@gmail.com',0,1,'2019-06-01 00:00:00.000000',0,1),(250,'pbkdf2_sha256$150000$jl0fDGw3x8ti$m9N7dikVqbEgFmefaiF7mqCvbMi1c8+HazUcoJRnL10=',NULL,0,'muni_angol','MUNICIPALIDAD DE','ANGOL','muni_angol@gmail.com',0,1,'2019-06-01 00:00:00.000000',0,1),(251,'pbkdf2_sha256$150000$jl0fDGw3x8ti$m9N7dikVqbEgFmefaiF7mqCvbMi1c8+HazUcoJRnL10=',NULL,0,'muni_collipulli','MUNICIPALIDAD DE','COLLIPULLI','muni_collipulli@gmail.com',0,1,'2019-06-01 00:00:00.000000',0,1),(252,'pbkdf2_sha256$150000$jl0fDGw3x8ti$m9N7dikVqbEgFmefaiF7mqCvbMi1c8+HazUcoJRnL10=',NULL,0,'muni_curacautin','MUNICIPALIDAD DE','CURACAUTÍN','muni_curacautin@gmail.com',0,1,'2019-06-01 00:00:00.000000',0,1),(253,'pbkdf2_sha256$150000$jl0fDGw3x8ti$m9N7dikVqbEgFmefaiF7mqCvbMi1c8+HazUcoJRnL10=',NULL,0,'muni_ercilla','MUNICIPALIDAD DE','ERCILLA','muni_ercilla@gmail.com',0,1,'2019-06-01 00:00:00.000000',0,1),(254,'pbkdf2_sha256$150000$jl0fDGw3x8ti$m9N7dikVqbEgFmefaiF7mqCvbMi1c8+HazUcoJRnL10=',NULL,0,'muni_lonquimay','MUNICIPALIDAD DE','LONQUIMAY','muni_lonquimay@gmail.com',0,1,'2019-06-01 00:00:00.000000',0,1),(255,'pbkdf2_sha256$150000$jl0fDGw3x8ti$m9N7dikVqbEgFmefaiF7mqCvbMi1c8+HazUcoJRnL10=',NULL,0,'muni_los_sauces','MUNICIPALIDAD DE','LOS SAUCES','muni_los_sauces@gmail.com',0,1,'2019-06-01 00:00:00.000000',0,1),(256,'pbkdf2_sha256$150000$jl0fDGw3x8ti$m9N7dikVqbEgFmefaiF7mqCvbMi1c8+HazUcoJRnL10=',NULL,0,'muni_lumaco','MUNICIPALIDAD DE','LUMACO','muni_lumaco@gmail.com',0,1,'2019-06-01 00:00:00.000000',0,1),(257,'pbkdf2_sha256$150000$jl0fDGw3x8ti$m9N7dikVqbEgFmefaiF7mqCvbMi1c8+HazUcoJRnL10=',NULL,0,'muni_puren','MUNICIPALIDAD DE','PURÉN','muni_puren@gmail.com',0,1,'2019-06-01 00:00:00.000000',0,1),(258,'pbkdf2_sha256$150000$jl0fDGw3x8ti$m9N7dikVqbEgFmefaiF7mqCvbMi1c8+HazUcoJRnL10=',NULL,0,'muni_renaico','MUNICIPALIDAD DE','RENAICO','muni_renaico@gmail.com',0,1,'2019-06-01 00:00:00.000000',0,1),(259,'pbkdf2_sha256$150000$jl0fDGw3x8ti$m9N7dikVqbEgFmefaiF7mqCvbMi1c8+HazUcoJRnL10=',NULL,0,'muni_traiguen','MUNICIPALIDAD DE','TRAIGUÉN','muni_traiguen@gmail.com',0,1,'2019-06-01 00:00:00.000000',0,1),(260,'pbkdf2_sha256$150000$jl0fDGw3x8ti$m9N7dikVqbEgFmefaiF7mqCvbMi1c8+HazUcoJRnL10=',NULL,0,'muni_victoria','MUNICIPALIDAD DE','VICTORIA','muni_victoria@gmail.com',0,1,'2019-06-01 00:00:00.000000',0,1),(261,'pbkdf2_sha256$150000$jl0fDGw3x8ti$m9N7dikVqbEgFmefaiF7mqCvbMi1c8+HazUcoJRnL10=',NULL,0,'muni_valdivia','MUNICIPALIDAD DE','VALDIVIA','muni_valdivia@gmail.com',0,1,'2019-06-01 00:00:00.000000',0,1),(262,'pbkdf2_sha256$150000$jl0fDGw3x8ti$m9N7dikVqbEgFmefaiF7mqCvbMi1c8+HazUcoJRnL10=',NULL,0,'muni_corral','MUNICIPALIDAD DE','CORRAL','muni_corral@gmail.com',0,1,'2019-06-01 00:00:00.000000',0,1),(263,'pbkdf2_sha256$150000$jl0fDGw3x8ti$m9N7dikVqbEgFmefaiF7mqCvbMi1c8+HazUcoJRnL10=',NULL,0,'muni_lanco','MUNICIPALIDAD DE','LANCO','muni_lanco@gmail.com',0,1,'2019-06-01 00:00:00.000000',0,1),(264,'pbkdf2_sha256$150000$jl0fDGw3x8ti$m9N7dikVqbEgFmefaiF7mqCvbMi1c8+HazUcoJRnL10=',NULL,0,'muni_los_lagos','MUNICIPALIDAD DE','LOS LAGOS','muni_los_lagos@gmail.com',0,1,'2019-06-01 00:00:00.000000',0,1),(265,'pbkdf2_sha256$150000$jl0fDGw3x8ti$m9N7dikVqbEgFmefaiF7mqCvbMi1c8+HazUcoJRnL10=',NULL,0,'muni_mafil','MUNICIPALIDAD DE','MÁFIL','muni_mafil@gmail.com',0,1,'2019-06-01 00:00:00.000000',0,1),(266,'pbkdf2_sha256$150000$jl0fDGw3x8ti$m9N7dikVqbEgFmefaiF7mqCvbMi1c8+HazUcoJRnL10=',NULL,0,'muni_mariquina','MUNICIPALIDAD DE','MARIQUINA','muni_mariquina@gmail.com',0,1,'2019-06-01 00:00:00.000000',0,1),(267,'pbkdf2_sha256$150000$jl0fDGw3x8ti$m9N7dikVqbEgFmefaiF7mqCvbMi1c8+HazUcoJRnL10=',NULL,0,'muni_paillaco','MUNICIPALIDAD DE','PAILLACO','muni_paillaco@gmail.com',0,1,'2019-06-01 00:00:00.000000',0,1),(268,'pbkdf2_sha256$150000$jl0fDGw3x8ti$m9N7dikVqbEgFmefaiF7mqCvbMi1c8+HazUcoJRnL10=',NULL,0,'muni_panguipulli','MUNICIPALIDAD DE','PANGUIPULLI','muni_panguipulli@gmail.com',0,1,'2019-06-01 00:00:00.000000',0,1),(269,'pbkdf2_sha256$150000$jl0fDGw3x8ti$m9N7dikVqbEgFmefaiF7mqCvbMi1c8+HazUcoJRnL10=',NULL,0,'muni_la_union','MUNICIPALIDAD DE','LA UNIÓN','muni_la_union@gmail.com',0,1,'2019-06-01 00:00:00.000000',0,1),(270,'pbkdf2_sha256$150000$jl0fDGw3x8ti$m9N7dikVqbEgFmefaiF7mqCvbMi1c8+HazUcoJRnL10=',NULL,0,'muni_futrono','MUNICIPALIDAD DE','FUTRONO','muni_futrono@gmail.com',0,1,'2019-06-01 00:00:00.000000',0,1),(271,'pbkdf2_sha256$150000$jl0fDGw3x8ti$m9N7dikVqbEgFmefaiF7mqCvbMi1c8+HazUcoJRnL10=',NULL,0,'muni_lago_ranco','MUNICIPALIDAD DE','LAGO RANCO','muni_lago_ranco@gmail.com',0,1,'2019-06-01 00:00:00.000000',0,1),(272,'pbkdf2_sha256$150000$jl0fDGw3x8ti$m9N7dikVqbEgFmefaiF7mqCvbMi1c8+HazUcoJRnL10=',NULL,0,'muni_rio_bueno','MUNICIPALIDAD DE','RÍO BUENO','muni_rio_bueno@gmail.com',0,1,'2019-06-01 00:00:00.000000',0,1),(273,'pbkdf2_sha256$150000$jl0fDGw3x8ti$m9N7dikVqbEgFmefaiF7mqCvbMi1c8+HazUcoJRnL10=',NULL,0,'muni_puerto_montt','MUNICIPALIDAD DE','PUERTO MONTT','muni_puerto_montt@gmail.com',0,1,'2019-06-01 00:00:00.000000',0,1),(274,'pbkdf2_sha256$150000$jl0fDGw3x8ti$m9N7dikVqbEgFmefaiF7mqCvbMi1c8+HazUcoJRnL10=',NULL,0,'muni_calbuco','MUNICIPALIDAD DE','CALBUCO','muni_calbuco@gmail.com',0,1,'2019-06-01 00:00:00.000000',0,1),(275,'pbkdf2_sha256$150000$jl0fDGw3x8ti$m9N7dikVqbEgFmefaiF7mqCvbMi1c8+HazUcoJRnL10=',NULL,0,'muni_cochamo','MUNICIPALIDAD DE','COCHAMÓ','muni_cochamo@gmail.com',0,1,'2019-06-01 00:00:00.000000',0,1),(276,'pbkdf2_sha256$150000$jl0fDGw3x8ti$m9N7dikVqbEgFmefaiF7mqCvbMi1c8+HazUcoJRnL10=',NULL,0,'muni_fresia','MUNICIPALIDAD DE','FRESIA','muni_fresia@gmail.com',0,1,'2019-06-01 00:00:00.000000',0,1),(277,'pbkdf2_sha256$150000$jl0fDGw3x8ti$m9N7dikVqbEgFmefaiF7mqCvbMi1c8+HazUcoJRnL10=',NULL,0,'muni_frutillar','MUNICIPALIDAD DE','FRUTILLAR','muni_frutillar@gmail.com',0,1,'2019-06-01 00:00:00.000000',0,1),(278,'pbkdf2_sha256$150000$jl0fDGw3x8ti$m9N7dikVqbEgFmefaiF7mqCvbMi1c8+HazUcoJRnL10=',NULL,0,'muni_los_muermos','MUNICIPALIDAD DE','LOS MUERMOS','muni_los_muermos@gmail.com',0,1,'2019-06-01 00:00:00.000000',0,1),(279,'pbkdf2_sha256$150000$jl0fDGw3x8ti$m9N7dikVqbEgFmefaiF7mqCvbMi1c8+HazUcoJRnL10=',NULL,0,'muni_llanquihue','MUNICIPALIDAD DE','LLANQUIHUE','muni_llanquihue@gmail.com',0,1,'2019-06-01 00:00:00.000000',0,1),(280,'pbkdf2_sha256$150000$jl0fDGw3x8ti$m9N7dikVqbEgFmefaiF7mqCvbMi1c8+HazUcoJRnL10=',NULL,0,'muni_maullin','MUNICIPALIDAD DE','MAULLÍN','muni_maullin@gmail.com',0,1,'2019-06-01 00:00:00.000000',0,1),(281,'pbkdf2_sha256$150000$jl0fDGw3x8ti$m9N7dikVqbEgFmefaiF7mqCvbMi1c8+HazUcoJRnL10=',NULL,0,'muni_puerto_varas','MUNICIPALIDAD DE','PUERTO VARAS','muni_puerto_varas@gmail.com',0,1,'2019-06-01 00:00:00.000000',0,1),(282,'pbkdf2_sha256$150000$jl0fDGw3x8ti$m9N7dikVqbEgFmefaiF7mqCvbMi1c8+HazUcoJRnL10=',NULL,0,'muni_castro','MUNICIPALIDAD DE','CASTRO','muni_castro@gmail.com',0,1,'2019-06-01 00:00:00.000000',0,1),(283,'pbkdf2_sha256$150000$jl0fDGw3x8ti$m9N7dikVqbEgFmefaiF7mqCvbMi1c8+HazUcoJRnL10=',NULL,0,'muni_ancud','MUNICIPALIDAD DE','ANCUD','muni_ancud@gmail.com',0,1,'2019-06-01 00:00:00.000000',0,1),(284,'pbkdf2_sha256$150000$jl0fDGw3x8ti$m9N7dikVqbEgFmefaiF7mqCvbMi1c8+HazUcoJRnL10=',NULL,0,'muni_chonchi','MUNICIPALIDAD DE','CHONCHI','muni_chonchi@gmail.com',0,1,'2019-06-01 00:00:00.000000',0,1),(285,'pbkdf2_sha256$150000$jl0fDGw3x8ti$m9N7dikVqbEgFmefaiF7mqCvbMi1c8+HazUcoJRnL10=',NULL,0,'muni_curaco_de_velez','MUNICIPALIDAD DE','CURACO DE VÉLEZ','muni_curaco_de_velez@gmail.com',0,1,'2019-06-01 00:00:00.000000',0,1),(286,'pbkdf2_sha256$150000$jl0fDGw3x8ti$m9N7dikVqbEgFmefaiF7mqCvbMi1c8+HazUcoJRnL10=',NULL,0,'muni_dalcahue','MUNICIPALIDAD DE','DALCAHUE','muni_dalcahue@gmail.com',0,1,'2019-06-01 00:00:00.000000',0,1),(287,'pbkdf2_sha256$150000$jl0fDGw3x8ti$m9N7dikVqbEgFmefaiF7mqCvbMi1c8+HazUcoJRnL10=',NULL,0,'muni_puqueldon','MUNICIPALIDAD DE','PUQUELDÓN','muni_puqueldon@gmail.com',0,1,'2019-06-01 00:00:00.000000',0,1),(288,'pbkdf2_sha256$150000$jl0fDGw3x8ti$m9N7dikVqbEgFmefaiF7mqCvbMi1c8+HazUcoJRnL10=',NULL,0,'muni_queilen','MUNICIPALIDAD DE','QUEILÉN','muni_queilen@gmail.com',0,1,'2019-06-01 00:00:00.000000',0,1),(289,'pbkdf2_sha256$150000$jl0fDGw3x8ti$m9N7dikVqbEgFmefaiF7mqCvbMi1c8+HazUcoJRnL10=',NULL,0,'muni_quellon','MUNICIPALIDAD DE','QUELLÓN','muni_quellon@gmail.com',0,1,'2019-06-01 00:00:00.000000',0,1),(290,'pbkdf2_sha256$150000$jl0fDGw3x8ti$m9N7dikVqbEgFmefaiF7mqCvbMi1c8+HazUcoJRnL10=',NULL,0,'muni_quemchi','MUNICIPALIDAD DE','QUEMCHI','muni_quemchi@gmail.com',0,1,'2019-06-01 00:00:00.000000',0,1),(291,'pbkdf2_sha256$150000$jl0fDGw3x8ti$m9N7dikVqbEgFmefaiF7mqCvbMi1c8+HazUcoJRnL10=',NULL,0,'muni_quinchao','MUNICIPALIDAD DE','QUINCHAO','muni_quinchao@gmail.com',0,1,'2019-06-01 00:00:00.000000',0,1),(292,'pbkdf2_sha256$150000$jl0fDGw3x8ti$m9N7dikVqbEgFmefaiF7mqCvbMi1c8+HazUcoJRnL10=',NULL,0,'muni_osorno','MUNICIPALIDAD DE','OSORNO','muni_osorno@gmail.com',0,1,'2019-06-01 00:00:00.000000',0,1),(293,'pbkdf2_sha256$150000$jl0fDGw3x8ti$m9N7dikVqbEgFmefaiF7mqCvbMi1c8+HazUcoJRnL10=',NULL,0,'muni_puerto_octay','MUNICIPALIDAD DE','PUERTO OCTAY','muni_puerto_octay@gmail.com',0,1,'2019-06-01 00:00:00.000000',0,1),(294,'pbkdf2_sha256$150000$jl0fDGw3x8ti$m9N7dikVqbEgFmefaiF7mqCvbMi1c8+HazUcoJRnL10=',NULL,0,'muni_purranque','MUNICIPALIDAD DE','PURRANQUE','muni_purranque@gmail.com',0,1,'2019-06-01 00:00:00.000000',0,1),(295,'pbkdf2_sha256$150000$jl0fDGw3x8ti$m9N7dikVqbEgFmefaiF7mqCvbMi1c8+HazUcoJRnL10=',NULL,0,'muni_puyehue','MUNICIPALIDAD DE','PUYEHUE','muni_puyehue@gmail.com',0,1,'2019-06-01 00:00:00.000000',0,1),(296,'pbkdf2_sha256$150000$jl0fDGw3x8ti$m9N7dikVqbEgFmefaiF7mqCvbMi1c8+HazUcoJRnL10=',NULL,0,'muni_rio_negro','MUNICIPALIDAD DE','RÍO NEGRO','muni_rio_negro@gmail.com',0,1,'2019-06-01 00:00:00.000000',0,1),(297,'pbkdf2_sha256$150000$jl0fDGw3x8ti$m9N7dikVqbEgFmefaiF7mqCvbMi1c8+HazUcoJRnL10=',NULL,0,'muni_san_juan_de_la_costa','MUNICIPALIDAD DE','SAN JUAN DE LA COSTA','muni_san_juan_de_la_costa@gmail.com',0,1,'2019-06-01 00:00:00.000000',0,1),(298,'pbkdf2_sha256$150000$jl0fDGw3x8ti$m9N7dikVqbEgFmefaiF7mqCvbMi1c8+HazUcoJRnL10=',NULL,0,'muni_san_pablo','MUNICIPALIDAD DE','SAN PABLO','muni_san_pablo@gmail.com',0,1,'2019-06-01 00:00:00.000000',0,1),(299,'pbkdf2_sha256$150000$jl0fDGw3x8ti$m9N7dikVqbEgFmefaiF7mqCvbMi1c8+HazUcoJRnL10=',NULL,0,'muni_chaiten','MUNICIPALIDAD DE','CHAITÉN','muni_chaiten@gmail.com',0,1,'2019-06-01 00:00:00.000000',0,1),(300,'pbkdf2_sha256$150000$jl0fDGw3x8ti$m9N7dikVqbEgFmefaiF7mqCvbMi1c8+HazUcoJRnL10=',NULL,0,'muni_futaleufu','MUNICIPALIDAD DE','FUTALEUFÚ','muni_futaleufu@gmail.com',0,1,'2019-06-01 00:00:00.000000',0,1),(301,'pbkdf2_sha256$150000$jl0fDGw3x8ti$m9N7dikVqbEgFmefaiF7mqCvbMi1c8+HazUcoJRnL10=',NULL,0,'muni_hualaihue','MUNICIPALIDAD DE','HUALAIHUÉ','muni_hualaihue@gmail.com',0,1,'2019-06-01 00:00:00.000000',0,1),(302,'pbkdf2_sha256$150000$jl0fDGw3x8ti$m9N7dikVqbEgFmefaiF7mqCvbMi1c8+HazUcoJRnL10=',NULL,0,'muni_palena','MUNICIPALIDAD DE','PALENA','muni_palena@gmail.com',0,1,'2019-06-01 00:00:00.000000',0,1),(303,'pbkdf2_sha256$150000$jl0fDGw3x8ti$m9N7dikVqbEgFmefaiF7mqCvbMi1c8+HazUcoJRnL10=',NULL,0,'muni_coihaique','MUNICIPALIDAD DE','COIHAIQUE','muni_coihaique@gmail.com',0,1,'2019-06-01 00:00:00.000000',0,1),(304,'pbkdf2_sha256$150000$jl0fDGw3x8ti$m9N7dikVqbEgFmefaiF7mqCvbMi1c8+HazUcoJRnL10=',NULL,0,'muni_lago_verde','MUNICIPALIDAD DE','LAGO VERDE','muni_lago_verde@gmail.com',0,1,'2019-06-01 00:00:00.000000',0,1),(305,'pbkdf2_sha256$150000$jl0fDGw3x8ti$m9N7dikVqbEgFmefaiF7mqCvbMi1c8+HazUcoJRnL10=',NULL,0,'muni_aisen','MUNICIPALIDAD DE','AISÉN','muni_aisen@gmail.com',0,1,'2019-06-01 00:00:00.000000',0,1),(306,'pbkdf2_sha256$150000$jl0fDGw3x8ti$m9N7dikVqbEgFmefaiF7mqCvbMi1c8+HazUcoJRnL10=',NULL,0,'muni_cisnes','MUNICIPALIDAD DE','CISNES','muni_cisnes@gmail.com',0,1,'2019-06-01 00:00:00.000000',0,1),(307,'pbkdf2_sha256$150000$jl0fDGw3x8ti$m9N7dikVqbEgFmefaiF7mqCvbMi1c8+HazUcoJRnL10=',NULL,0,'muni_guaitecas','MUNICIPALIDAD DE','GUAITECAS','muni_guaitecas@gmail.com',0,1,'2019-06-01 00:00:00.000000',0,1),(308,'pbkdf2_sha256$150000$jl0fDGw3x8ti$m9N7dikVqbEgFmefaiF7mqCvbMi1c8+HazUcoJRnL10=',NULL,0,'muni_cochrane','MUNICIPALIDAD DE','COCHRANE','muni_cochrane@gmail.com',0,1,'2019-06-01 00:00:00.000000',0,1),(309,'pbkdf2_sha256$150000$jl0fDGw3x8ti$m9N7dikVqbEgFmefaiF7mqCvbMi1c8+HazUcoJRnL10=',NULL,0,'muni_o’higgins','MUNICIPALIDAD DE','O’HIGGINS','muni_o’higgins@gmail.com',0,1,'2019-06-01 00:00:00.000000',0,1),(310,'pbkdf2_sha256$150000$jl0fDGw3x8ti$m9N7dikVqbEgFmefaiF7mqCvbMi1c8+HazUcoJRnL10=',NULL,0,'muni_tortel','MUNICIPALIDAD DE','TORTEL','muni_tortel@gmail.com',0,1,'2019-06-01 00:00:00.000000',0,1),(311,'pbkdf2_sha256$150000$jl0fDGw3x8ti$m9N7dikVqbEgFmefaiF7mqCvbMi1c8+HazUcoJRnL10=',NULL,0,'muni_chile_chico','MUNICIPALIDAD DE','CHILE CHICO','muni_chile_chico@gmail.com',0,1,'2019-06-01 00:00:00.000000',0,1),(312,'pbkdf2_sha256$150000$jl0fDGw3x8ti$m9N7dikVqbEgFmefaiF7mqCvbMi1c8+HazUcoJRnL10=',NULL,0,'muni_rio_ibañez','MUNICIPALIDAD DE','RÍO IBÁÑEZ','muni_rio_ibañez@gmail.com',0,1,'2019-06-01 00:00:00.000000',0,1),(313,'pbkdf2_sha256$150000$jl0fDGw3x8ti$m9N7dikVqbEgFmefaiF7mqCvbMi1c8+HazUcoJRnL10=',NULL,0,'muni_punta_arenas','MUNICIPALIDAD DE','PUNTA ARENAS','muni_punta_arenas@gmail.com',0,1,'2019-06-01 00:00:00.000000',0,1),(314,'pbkdf2_sha256$150000$jl0fDGw3x8ti$m9N7dikVqbEgFmefaiF7mqCvbMi1c8+HazUcoJRnL10=',NULL,0,'muni_laguna_blanca','MUNICIPALIDAD DE','LAGUNA BLANCA','muni_laguna_blanca@gmail.com',0,1,'2019-06-01 00:00:00.000000',0,1),(315,'pbkdf2_sha256$150000$jl0fDGw3x8ti$m9N7dikVqbEgFmefaiF7mqCvbMi1c8+HazUcoJRnL10=',NULL,0,'muni_rio_verde','MUNICIPALIDAD DE','RÍO VERDE','muni_rio_verde@gmail.com',0,1,'2019-06-01 00:00:00.000000',0,1),(316,'pbkdf2_sha256$150000$jl0fDGw3x8ti$m9N7dikVqbEgFmefaiF7mqCvbMi1c8+HazUcoJRnL10=',NULL,0,'muni_san_gregorio','MUNICIPALIDAD DE','SAN GREGORIO','muni_san_gregorio@gmail.com',0,1,'2019-06-01 00:00:00.000000',0,1),(317,'pbkdf2_sha256$150000$jl0fDGw3x8ti$m9N7dikVqbEgFmefaiF7mqCvbMi1c8+HazUcoJRnL10=',NULL,0,'muni_cabo_de_hornos_(ex_navarino)','MUNICIPALIDAD DE','CABO DE HORNOS (EX NAVARINO)','muni_cabo_de_hornos_(ex_navarino)@gmail.com',0,1,'2019-06-01 00:00:00.000000',0,1),(318,'pbkdf2_sha256$150000$jl0fDGw3x8ti$m9N7dikVqbEgFmefaiF7mqCvbMi1c8+HazUcoJRnL10=',NULL,0,'muni_antartica','MUNICIPALIDAD DE','ANTÁRTICA','muni_antartica@gmail.com',0,1,'2019-06-01 00:00:00.000000',0,1),(319,'pbkdf2_sha256$150000$jl0fDGw3x8ti$m9N7dikVqbEgFmefaiF7mqCvbMi1c8+HazUcoJRnL10=',NULL,0,'muni_porvenir','MUNICIPALIDAD DE','PORVENIR','muni_porvenir@gmail.com',0,1,'2019-06-01 00:00:00.000000',0,1),(320,'pbkdf2_sha256$150000$jl0fDGw3x8ti$m9N7dikVqbEgFmefaiF7mqCvbMi1c8+HazUcoJRnL10=',NULL,0,'muni_primavera','MUNICIPALIDAD DE','PRIMAVERA','muni_primavera@gmail.com',0,1,'2019-06-01 00:00:00.000000',0,1),(321,'pbkdf2_sha256$150000$jl0fDGw3x8ti$m9N7dikVqbEgFmefaiF7mqCvbMi1c8+HazUcoJRnL10=',NULL,0,'muni_timaukel','MUNICIPALIDAD DE','TIMAUKEL','muni_timaukel@gmail.com',0,1,'2019-06-01 00:00:00.000000',0,1),(322,'pbkdf2_sha256$150000$jl0fDGw3x8ti$m9N7dikVqbEgFmefaiF7mqCvbMi1c8+HazUcoJRnL10=',NULL,0,'muni_natales','MUNICIPALIDAD DE','NATALES','muni_natales@gmail.com',0,1,'2019-06-01 00:00:00.000000',0,1),(323,'pbkdf2_sha256$150000$jl0fDGw3x8ti$m9N7dikVqbEgFmefaiF7mqCvbMi1c8+HazUcoJRnL10=',NULL,0,'muni_torres_del_paine','MUNICIPALIDAD DE','TORRES DEL PAINE','muni_torres_del_paine@gmail.com',0,1,'2019-06-01 00:00:00.000000',0,1),(324,'pbkdf2_sha256$150000$jl0fDGw3x8ti$m9N7dikVqbEgFmefaiF7mqCvbMi1c8+HazUcoJRnL10=',NULL,0,'muni_arica','MUNICIPALIDAD DE','ARICA','muni_arica@gmail.com',0,1,'2019-06-01 00:00:00.000000',0,1),(325,'pbkdf2_sha256$150000$jl0fDGw3x8ti$m9N7dikVqbEgFmefaiF7mqCvbMi1c8+HazUcoJRnL10=',NULL,0,'muni_camarones','MUNICIPALIDAD DE','CAMARONES','muni_camarones@gmail.com',0,1,'2019-06-01 00:00:00.000000',0,1),(326,'pbkdf2_sha256$150000$jl0fDGw3x8ti$m9N7dikVqbEgFmefaiF7mqCvbMi1c8+HazUcoJRnL10=',NULL,0,'muni_putre','MUNICIPALIDAD DE','PUTRE','muni_putre@gmail.com',0,1,'2019-06-01 00:00:00.000000',0,1),(327,'pbkdf2_sha256$150000$jl0fDGw3x8ti$m9N7dikVqbEgFmefaiF7mqCvbMi1c8+HazUcoJRnL10=',NULL,0,'muni_general_lagos','MUNICIPALIDAD DE','GENERAL LAGOS','muni_general_lagos@gmail.com',0,1,'2019-06-01 00:00:00.000000',0,1),(328,'pbkdf2_sha256$150000$jl0fDGw3x8ti$m9N7dikVqbEgFmefaiF7mqCvbMi1c8+HazUcoJRnL10=',NULL,0,'muni_cobquecura','MUNICIPALIDAD DE','COBQUECURA','muni_cobquecura@gmail.com',0,1,'2019-06-01 00:00:00.000000',0,1),(329,'pbkdf2_sha256$150000$jl0fDGw3x8ti$m9N7dikVqbEgFmefaiF7mqCvbMi1c8+HazUcoJRnL10=',NULL,0,'muni_coelemu','MUNICIPALIDAD DE','COELEMU','muni_coelemu@gmail.com',0,1,'2019-06-01 00:00:00.000000',0,1),(330,'pbkdf2_sha256$150000$jl0fDGw3x8ti$m9N7dikVqbEgFmefaiF7mqCvbMi1c8+HazUcoJRnL10=',NULL,0,'muni_ninhue','MUNICIPALIDAD DE','NINHUE','muni_ninhue@gmail.com',0,1,'2019-06-01 00:00:00.000000',0,1),(331,'pbkdf2_sha256$150000$jl0fDGw3x8ti$m9N7dikVqbEgFmefaiF7mqCvbMi1c8+HazUcoJRnL10=',NULL,0,'muni_portezuelo','MUNICIPALIDAD DE','PORTEZUELO','muni_portezuelo@gmail.com',0,1,'2019-06-01 00:00:00.000000',0,1),(332,'pbkdf2_sha256$150000$jl0fDGw3x8ti$m9N7dikVqbEgFmefaiF7mqCvbMi1c8+HazUcoJRnL10=',NULL,0,'muni_quirihue','MUNICIPALIDAD DE','QUIRIHUE','muni_quirihue@gmail.com',0,1,'2019-06-01 00:00:00.000000',0,1),(333,'pbkdf2_sha256$150000$jl0fDGw3x8ti$m9N7dikVqbEgFmefaiF7mqCvbMi1c8+HazUcoJRnL10=',NULL,0,'muni_ranquil','MUNICIPALIDAD DE','RÁNQUIL','muni_ranquil@gmail.com',0,1,'2019-06-01 00:00:00.000000',0,1),(334,'pbkdf2_sha256$150000$jl0fDGw3x8ti$m9N7dikVqbEgFmefaiF7mqCvbMi1c8+HazUcoJRnL10=',NULL,0,'muni_treguaco','MUNICIPALIDAD DE','TREGUACO','muni_treguaco@gmail.com',0,1,'2019-06-01 00:00:00.000000',0,1),(335,'pbkdf2_sha256$150000$jl0fDGw3x8ti$m9N7dikVqbEgFmefaiF7mqCvbMi1c8+HazUcoJRnL10=',NULL,0,'muni_bulnes','MUNICIPALIDAD DE','BULNES','muni_bulnes@gmail.com',0,1,'2019-06-01 00:00:00.000000',0,1),(336,'pbkdf2_sha256$150000$jl0fDGw3x8ti$m9N7dikVqbEgFmefaiF7mqCvbMi1c8+HazUcoJRnL10=',NULL,0,'muni_chillan_viejo','MUNICIPALIDAD DE','CHILLÁN VIEJO','muni_chillan_viejo@gmail.com',0,1,'2019-06-01 00:00:00.000000',0,1),(337,'pbkdf2_sha256$150000$jl0fDGw3x8ti$m9N7dikVqbEgFmefaiF7mqCvbMi1c8+HazUcoJRnL10=',NULL,0,'muni_chillan','MUNICIPALIDAD DE','CHILLÁN','muni_chillan@gmail.com',0,1,'2019-06-01 00:00:00.000000',0,1),(338,'pbkdf2_sha256$150000$jl0fDGw3x8ti$m9N7dikVqbEgFmefaiF7mqCvbMi1c8+HazUcoJRnL10=',NULL,0,'muni_el_carmen','MUNICIPALIDAD DE','EL CARMEN','muni_el_carmen@gmail.com',0,1,'2019-06-01 00:00:00.000000',0,1),(339,'pbkdf2_sha256$150000$jl0fDGw3x8ti$m9N7dikVqbEgFmefaiF7mqCvbMi1c8+HazUcoJRnL10=',NULL,0,'muni_pemuco','MUNICIPALIDAD DE','PEMUCO','muni_pemuco@gmail.com',0,1,'2019-06-01 00:00:00.000000',0,1),(340,'pbkdf2_sha256$150000$jl0fDGw3x8ti$m9N7dikVqbEgFmefaiF7mqCvbMi1c8+HazUcoJRnL10=',NULL,0,'muni_pinto','MUNICIPALIDAD DE','PINTO','muni_pinto@gmail.com',0,1,'2019-06-01 00:00:00.000000',0,1),(341,'pbkdf2_sha256$150000$jl0fDGw3x8ti$m9N7dikVqbEgFmefaiF7mqCvbMi1c8+HazUcoJRnL10=',NULL,0,'muni_quillon','MUNICIPALIDAD DE','QUILLÓN','muni_quillon@gmail.com',0,1,'2019-06-01 00:00:00.000000',0,1),(342,'pbkdf2_sha256$150000$jl0fDGw3x8ti$m9N7dikVqbEgFmefaiF7mqCvbMi1c8+HazUcoJRnL10=',NULL,0,'muni_san_ignacio','MUNICIPALIDAD DE','SAN IGNACIO','muni_san_ignacio@gmail.com',0,1,'2019-06-01 00:00:00.000000',0,1),(343,'pbkdf2_sha256$150000$jl0fDGw3x8ti$m9N7dikVqbEgFmefaiF7mqCvbMi1c8+HazUcoJRnL10=',NULL,0,'muni_yungay','MUNICIPALIDAD DE','YUNGAY','muni_yungay@gmail.com',0,1,'2019-06-01 00:00:00.000000',0,1),(344,'pbkdf2_sha256$150000$jl0fDGw3x8ti$m9N7dikVqbEgFmefaiF7mqCvbMi1c8+HazUcoJRnL10=',NULL,0,'muni_coihueco','MUNICIPALIDAD DE','COIHUECO','muni_coihueco@gmail.com',0,1,'2019-06-01 00:00:00.000000',0,1),(345,'pbkdf2_sha256$150000$jl0fDGw3x8ti$m9N7dikVqbEgFmefaiF7mqCvbMi1c8+HazUcoJRnL10=',NULL,0,'muni_ñiquen','MUNICIPALIDAD DE','ÑIQUÉN','muni_ñiquen@gmail.com',0,1,'2019-06-01 00:00:00.000000',0,1),(346,'pbkdf2_sha256$150000$jl0fDGw3x8ti$m9N7dikVqbEgFmefaiF7mqCvbMi1c8+HazUcoJRnL10=',NULL,0,'muni_san_carlos','MUNICIPALIDAD DE','SAN CARLOS','muni_san_carlos@gmail.com',0,1,'2019-06-01 00:00:00.000000',0,1),(347,'pbkdf2_sha256$150000$jl0fDGw3x8ti$m9N7dikVqbEgFmefaiF7mqCvbMi1c8+HazUcoJRnL10=',NULL,0,'muni_san_fabian','MUNICIPALIDAD DE','SAN FABIÁN','muni_san_fabian@gmail.com',0,1,'2019-06-01 00:00:00.000000',0,1),(348,'pbkdf2_sha256$150000$jl0fDGw3x8ti$m9N7dikVqbEgFmefaiF7mqCvbMi1c8+HazUcoJRnL10=','2019-06-01 21:51:44.765301',0,'muni_san_nicolas','MUNICIPALIDAD DE','SAN NICOLÁS','muni_san_nicolas@gmail.com',0,1,'2019-06-01 00:00:00.000000',0,1);
/*!40000 ALTER TABLE `registration_user` ENABLE KEYS */;
UNLOCK TABLES;

--
-- Table structure for table `registration_user_groups`
--

DROP TABLE IF EXISTS `registration_user_groups`;
/*!40101 SET @saved_cs_client     = @@character_set_client */;
/*!40101 SET character_set_client = utf8 */;
CREATE TABLE `registration_user_groups` (
  `id` int(11) NOT NULL AUTO_INCREMENT,
  `user_id` int(11) NOT NULL,
  `group_id` int(11) NOT NULL,
  PRIMARY KEY (`id`),
  UNIQUE KEY `registration_user_groups_user_id_group_id_a8be40d4_uniq` (`user_id`,`group_id`),
  KEY `registration_user_groups_group_id_7ef7f6fa_fk_auth_group_id` (`group_id`),
  CONSTRAINT `registration_user_gr_user_id_c9fcd85a_fk_registrat` FOREIGN KEY (`user_id`) REFERENCES `registration_user` (`id`),
  CONSTRAINT `registration_user_groups_group_id_7ef7f6fa_fk_auth_group_id` FOREIGN KEY (`group_id`) REFERENCES `auth_group` (`id`)
) ENGINE=InnoDB DEFAULT CHARSET=latin1;
/*!40101 SET character_set_client = @saved_cs_client */;

--
-- Dumping data for table `registration_user_groups`
--

LOCK TABLES `registration_user_groups` WRITE;
/*!40000 ALTER TABLE `registration_user_groups` DISABLE KEYS */;
/*!40000 ALTER TABLE `registration_user_groups` ENABLE KEYS */;
UNLOCK TABLES;

--
-- Table structure for table `registration_user_user_permissions`
--

DROP TABLE IF EXISTS `registration_user_user_permissions`;
/*!40101 SET @saved_cs_client     = @@character_set_client */;
/*!40101 SET character_set_client = utf8 */;
CREATE TABLE `registration_user_user_permissions` (
  `id` int(11) NOT NULL AUTO_INCREMENT,
  `user_id` int(11) NOT NULL,
  `permission_id` int(11) NOT NULL,
  PRIMARY KEY (`id`),
  UNIQUE KEY `registration_user_user_p_user_id_permission_id_9c61983d_uniq` (`user_id`,`permission_id`),
  KEY `registration_user_us_permission_id_2f4f2f96_fk_auth_perm` (`permission_id`),
  CONSTRAINT `registration_user_us_permission_id_2f4f2f96_fk_auth_perm` FOREIGN KEY (`permission_id`) REFERENCES `auth_permission` (`id`),
  CONSTRAINT `registration_user_us_user_id_a68a0114_fk_registrat` FOREIGN KEY (`user_id`) REFERENCES `registration_user` (`id`)
) ENGINE=InnoDB DEFAULT CHARSET=latin1;
/*!40101 SET character_set_client = @saved_cs_client */;

--
-- Dumping data for table `registration_user_user_permissions`
--

LOCK TABLES `registration_user_user_permissions` WRITE;
/*!40000 ALTER TABLE `registration_user_user_permissions` DISABLE KEYS */;
/*!40000 ALTER TABLE `registration_user_user_permissions` ENABLE KEYS */;
UNLOCK TABLES;
/*!40103 SET TIME_ZONE=@OLD_TIME_ZONE */;

/*!40101 SET SQL_MODE=@OLD_SQL_MODE */;
/*!40014 SET FOREIGN_KEY_CHECKS=@OLD_FOREIGN_KEY_CHECKS */;
/*!40014 SET UNIQUE_CHECKS=@OLD_UNIQUE_CHECKS */;
/*!40101 SET CHARACTER_SET_CLIENT=@OLD_CHARACTER_SET_CLIENT */;
/*!40101 SET CHARACTER_SET_RESULTS=@OLD_CHARACTER_SET_RESULTS */;
/*!40101 SET COLLATION_CONNECTION=@OLD_COLLATION_CONNECTION */;
/*!40111 SET SQL_NOTES=@OLD_SQL_NOTES */;

-- Dump completed on 2019-06-01 21:27:57
